-- Haul Command aggressive AdGrid + Data Monetization build scaffold
-- Generated: 2026-05-29
-- Purpose: Non-destructive Supabase planning/build-contract layer for Codex.
-- Boundary: AdGrid remains internal to Haul Command-owned surfaces. External ad activity = retargeting/audience recovery only.
-- Apply with: supabase db push OR paste into Supabase SQL editor.

begin;

create schema if not exists hc_build;
comment on schema hc_build is 'Codex-facing build contracts for Haul Command AdGrid, data monetization, media factory, competitor displacement, and Google/Reddit/Meta-inspired internal ad upgrades. Non-destructive planning schema.';

create table if not exists hc_build.codex_programs (
  program_key text primary key,
  program_name text not null,
  product_area text not null,
  priority integer not null default 50 check (priority between 1 and 100),
  status text not null default 'planned' check (status in ('planned','ready_for_codex','in_build','blocked','shipped','deferred')),
  launch_phase text not null default 'phase_1',
  mission text not null,
  hard_boundaries jsonb not null default '{}'::jsonb,
  source_inspiration jsonb not null default '[]'::jsonb,
  codex_directive text not null,
  acceptance_summary text not null,
  created_at timestamptz not null default now(),
  updated_at timestamptz not null default now()
);
comment on table hc_build.codex_programs is 'Top-level build programs that Codex should read before generating code. These are product contracts, not runtime event tables.';

create table if not exists hc_build.codex_feature_specs (
  feature_key text primary key,
  program_key text not null references hc_build.codex_programs(program_key) on delete cascade,
  feature_name text not null,
  product_area text not null,
  priority integer not null default 50 check (priority between 1 and 100),
  build_stage text not null default 'scaffolded',
  monetization_model text not null,
  why_now text not null,
  target_surfaces jsonb not null default '[]'::jsonb,
  event_sources jsonb not null default '[]'::jsonb,
  data_monetization_effect jsonb not null default '{}'::jsonb,
  required_existing_objects jsonb not null default '[]'::jsonb,
  new_objects_to_build jsonb not null default '[]'::jsonb,
  core_spec jsonb not null default '{}'::jsonb,
  guardrails jsonb not null default '[]'::jsonb,
  codex_directive text not null,
  acceptance_criteria jsonb not null default '[]'::jsonb,
  created_at timestamptz not null default now(),
  updated_at timestamptz not null default now()
);
comment on table hc_build.codex_feature_specs is 'Feature-level build contracts, acceptance criteria, monetization logic, and data-product implications.';

create table if not exists hc_build.codex_build_tasks (
  task_key text primary key,
  feature_key text references hc_build.codex_feature_specs(feature_key) on delete set null,
  sprint text not null default 'adgrid_data_monetization_war_room',
  priority integer not null default 50 check (priority between 1 and 100),
  task_type text not null,
  task_title text not null,
  action_summary text not null,
  depends_on jsonb not null default '[]'::jsonb,
  db_objects jsonb not null default '[]'::jsonb,
  app_surfaces jsonb not null default '[]'::jsonb,
  acceptance_tests jsonb not null default '[]'::jsonb,
  monetization_impact text not null,
  ready_for_codex boolean not null default true,
  status text not null default 'open' check (status in ('open','in_progress','blocked','done','deferred')),
  created_at timestamptz not null default now(),
  updated_at timestamptz not null default now()
);
comment on table hc_build.codex_build_tasks is 'Concrete Codex tickets generated from the strategy conversation. Codex should implement in priority order.';

create table if not exists hc_build.platform_inspiration_specs (
  inspiration_key text primary key,
  platform_name text not null,
  pattern_name text not null,
  current_signal text not null,
  haul_command_adaptation text not null,
  do_not_copy text not null,
  codex_translation jsonb not null default '{}'::jsonb,
  source_urls jsonb not null default '[]'::jsonb,
  priority integer not null default 50,
  created_at timestamptz not null default now(),
  updated_at timestamptz not null default now()
);
comment on table hc_build.platform_inspiration_specs is 'Ethical product patterns from Google, Reddit, Meta, Yellow Pages, Motion, and ad-intelligence tools translated into Haul Command-native internal products.';

create table if not exists hc_build.adgrid_surface_taxonomy (
  surface_key text primary key,
  surface_family text not null,
  surface_name text not null,
  monetizable boolean not null default true,
  supports_house_ads boolean not null default true,
  supports_paid_sponsors boolean not null default true,
  supports_call_ads boolean not null default false,
  supports_sponsored_answers boolean not null default false,
  supports_data_signal_capture boolean not null default true,
  recommended_ad_products jsonb not null default '[]'::jsonb,
  required_events jsonb not null default '[]'::jsonb,
  data_products_fed jsonb not null default '[]'::jsonb,
  notes text not null default '',
  created_at timestamptz not null default now(),
  updated_at timestamptz not null default now()
);
comment on table hc_build.adgrid_surface_taxonomy is 'Canonical Haul Command-owned surfaces where internal AdGrid inventory can live. No external open ad network surfaces belong here.';

create table if not exists hc_build.adgrid_event_policy (
  event_key text primary key,
  event_family text not null,
  event_name text not null,
  privacy_level text not null check (privacy_level in ('public_aggregate','private_raw','restricted_sensitive','do_not_sell')),
  revenue_use text not null,
  data_product_use text not null,
  aggregation_rule text not null,
  minimum_k_anonymity integer not null default 10,
  required_fields jsonb not null default '[]'::jsonb,
  prohibited_fields jsonb not null default '[]'::jsonb,
  codex_directive text not null,
  created_at timestamptz not null default now(),
  updated_at timestamptz not null default now()
);
comment on table hc_build.adgrid_event_policy is 'Dual-purpose event policy: every AdGrid event improves ads and, if legally allowed, powers anonymized/aggregated data products.';

create table if not exists hc_build.data_product_blueprints (
  data_product_key text primary key,
  product_name text not null,
  product_family text not null,
  priority integer not null default 50,
  launch_phase text not null default 'phase_1',
  buyer_personas jsonb not null default '[]'::jsonb,
  input_signals jsonb not null default '[]'::jsonb,
  output_formats jsonb not null default '[]'::jsonb,
  pricing_model jsonb not null default '{}'::jsonb,
  privacy_gate text not null,
  self_serve_requirements jsonb not null default '[]'::jsonb,
  codex_directive text not null,
  acceptance_criteria jsonb not null default '[]'::jsonb,
  created_at timestamptz not null default now(),
  updated_at timestamptz not null default now()
);
comment on table hc_build.data_product_blueprints is 'Self-serve data monetization products connected to AdGrid, directory, corridor, load, community, and media signals across 120 countries.';

create table if not exists hc_build.media_factory_blueprints (
  media_asset_key text primary key,
  asset_name text not null,
  production_engine text not null check (production_engine in ('hyperframes','remotion','heygen_minimal','manual_upload','mixed')),
  priority integer not null default 50,
  feeds_adgrid boolean not null default true,
  feeds_data_products boolean not null default true,
  asset_spec jsonb not null default '{}'::jsonb,
  adgrid_usage jsonb not null default '[]'::jsonb,
  data_signal_usage jsonb not null default '[]'::jsonb,
  codex_directive text not null,
  acceptance_criteria jsonb not null default '[]'::jsonb,
  created_at timestamptz not null default now(),
  updated_at timestamptz not null default now()
);
comment on table hc_build.media_factory_blueprints is 'Media Factory contract: HyperFrames/Remotion/limited HeyGen creates assets; AdGrid places, prices, tests, and measures them.';

create table if not exists hc_build.competitor_displacement_targets (
  target_key text primary key,
  competitor_family text not null,
  competitor_name text not null,
  what_they_win text not null,
  what_they_lack text not null,
  haul_command_countermove text not null,
  moats_to_build jsonb not null default '[]'::jsonb,
  signals_to_monitor jsonb not null default '[]'::jsonb,
  products_to_launch jsonb not null default '[]'::jsonb,
  priority integer not null default 50,
  codex_directive text not null,
  created_at timestamptz not null default now(),
  updated_at timestamptz not null default now()
);
comment on table hc_build.competitor_displacement_targets is 'Competitor-displacement playbooks for Google, Reddit, Meta/Facebook, Yellow Pages/Yelp, freight boards, niche directories, and AI ad platforms.';

create table if not exists hc_build.missing_money_radar (
  opportunity_key text primary key,
  opportunity_name text not null,
  product_area text not null,
  priority integer not null default 50,
  revenue_lever text not null,
  current_gap text not null,
  aggressive_move text not null,
  required_signals jsonb not null default '[]'::jsonb,
  expected_outputs jsonb not null default '[]'::jsonb,
  codex_directive text not null,
  acceptance_criteria jsonb not null default '[]'::jsonb,
  created_at timestamptz not null default now(),
  updated_at timestamptz not null default now()
);
comment on table hc_build.missing_money_radar is 'Aggressive list of money-left-on-table opportunities to force Codex/product planning to prioritize revenue loops.';

create table if not exists hc_build.proof_packet_blueprints (
  proof_packet_key text primary key,
  packet_name text not null,
  sponsor_product_family text not null,
  priority integer not null default 50,
  included_metrics jsonb not null default '[]'::jsonb,
  included_visuals jsonb not null default '[]'::jsonb,
  renewal_recommendations jsonb not null default '[]'::jsonb,
  data_monetization_secondary_use text not null,
  codex_directive text not null,
  acceptance_criteria jsonb not null default '[]'::jsonb,
  created_at timestamptz not null default now(),
  updated_at timestamptz not null default now()
);
comment on table hc_build.proof_packet_blueprints is 'Sponsor proof packets: every AdGrid product should prove value and produce renewal/upsell recommendations.';

create table if not exists hc_build.launch_phase_gates (
  gate_key text primary key,
  launch_phase text not null,
  gate_name text not null,
  product_area text not null,
  priority integer not null default 50,
  pass_condition text not null,
  required_objects jsonb not null default '[]'::jsonb,
  required_metrics jsonb not null default '[]'::jsonb,
  failure_response text not null,
  codex_directive text not null,
  created_at timestamptz not null default now(),
  updated_at timestamptz not null default now()
);
comment on table hc_build.launch_phase_gates is 'Launch gates for first-three-products: AdGrid, self-serve data monetization, and connected paid lead/claim products.';

create index if not exists idx_hc_build_programs_priority on hc_build.codex_programs(priority desc, status, product_area);
create index if not exists idx_hc_build_features_priority on hc_build.codex_feature_specs(priority desc, product_area, build_stage);
create index if not exists idx_hc_build_tasks_priority on hc_build.codex_build_tasks(priority desc, status, ready_for_codex);
create index if not exists idx_hc_build_data_products_priority on hc_build.data_product_blueprints(priority desc, launch_phase);
create index if not exists idx_hc_build_missing_money_priority on hc_build.missing_money_radar(priority desc, product_area);
create index if not exists idx_hc_build_event_policy_family on hc_build.adgrid_event_policy(event_family, privacy_level);


insert into hc_build.codex_programs (program_key, program_name, product_area, priority, status, launch_phase, mission, hard_boundaries, source_inspiration, codex_directive, acceptance_summary) values
  ('adgrid_motion_intelligence', 'AdGrid Motion Intelligence Layer', 'adgrid', 100, 'ready_for_codex', 'phase_1', 'Turn every internal ad, house ad, sponsor placement, clip, newsletter slot, conversation ad, and HC ASK placement into a tagged, scored, learnable asset.', '{"adgrid_scope": "internal_haul_command_owned_surfaces_only", "external_allowed": ["retargeting", "audience_recovery"], "external_forbidden": ["open_external_ad_network", "selling placements outside Haul Command owned surfaces"]}'::jsonb, '["Motion creative analytics", "Google AI Max/AI Search ads", "Reddit community proof", "Meta AI automation"]'::jsonb, 'Build a command-center layer over existing AdGrid tables that scores creative patterns, detects winners, recommends next actions, and writes buildable insights without replacing existing AdGrid runtime tables.', 'Codex can query winning patterns by role/country/corridor/surface/creative angle and generate action recommendations.'),
  ('adgrid_data_monetization_bridge', 'AdGrid → Self-Serve Data Monetization Bridge', 'data_monetization', 100, 'ready_for_codex', 'phase_1', 'Make AdGrid a demand-signal machine that feeds anonymized, aggregated 120-country data products.', '{"aggregation": "k-anonymity minimum by market/category/time window", "legal_gate": "country-specific data product legal gate required", "privacy": "no sale of individual user-level behavior"}'::jsonb, '["Google first-party measurement", "Reddit Community Intelligence", "Haul Command demand/corridor data spine"]'::jsonb, 'Connect internal event streams to data product blueprints through aggregate signal tables and self-serve export entitlements.', 'Every qualified event has an ad-optimization use and an allowed/blocked data-product use.'),
  ('heavy_haul_call_ads', 'Heavy Haul Call Ads and Qualified Call Leads', 'adgrid', 99, 'ready_for_codex', 'phase_1', 'Own high-intent call demand better than Google by making tap-to-call, pay-per-call, qualified calls, missed-call recovery, and call proof native to heavy haul.', '{"billing": "bill only according to configured qualification policy", "fraud": "spam and duplicate call detection required", "recording": "country/state consent gate required"}'::jsonb, '["Google Ads call assets", "Google call reporting", "Yellow Pages pay-per-call"]'::jsonb, 'Build call ad product specs, call event policy, call quality scoring, routing number abstraction, and sponsor proof metrics.', 'A sponsor can buy call-focused inventory and receive proof of calls, qualified calls, missed calls, outcomes, and recommended next markets.'),
  ('sponsored_hc_ask_answers', 'Sponsored HC ASK Answers', 'search_ai', 98, 'ready_for_codex', 'phase_1', 'Beat Google AI Mode inside heavy haul by putting clearly labeled sponsored answers inside Haul Command search/chat where directory context, role, market, and route intent are known.', '{"answer_quality": "organic answer remains useful", "labeling": "sponsored placements must be explicit", "trust": "no pay-to-lie or hidden placements"}'::jsonb, '["Google AI Overviews ads", "Google AI Mode ads", "Reddit thread-native ads"]'::jsonb, 'Define answer-slot inventory, sponsor matching rules, labeling rules, proof stack, click/call/quote events, and fallback organic behavior.', 'HC ASK can assemble helpful organic answer + labeled sponsor options + call/quote CTAs + data-signal capture.'),
  ('media_factory_breakout_clips', 'Media Factory + Breakout Clip Monetization', 'media_factory', 96, 'ready_for_codex', 'phase_1', 'Make HyperFrames/Remotion create cheap scalable media assets while AdGrid prices, places, tests, and monetizes the assets.', '{"heygen": "use sparingly for trust/talking-head moments only", "ownership": "Media Factory renders assets; AdGrid never becomes video renderer"}'::jsonb, '["Breakout Clips", "HyperFrames", "Remotion", "Meta generative ad automation"]'::jsonb, 'Create asset blueprint and performance ledger specs for clips, sponsor cards, market recaps, proof visuals, and localized variants.', 'Every breakout clip can become content, AdGrid inventory, sponsor proof, retargeting audience seed, and data product signal.'),
  ('community_intelligence', 'Heavy Haul Community Intelligence', 'community_data', 95, 'ready_for_codex', 'phase_1', 'Beat Reddit by turning Haul Command threads, Q&A, reviews, comments, clips, and directory behavior into trusted structured ecosystem intelligence.', '{"moderation": "do not surface unsafe or defamatory content as proof", "privacy": "aggregate public/community signals; no private DMs sold"}'::jsonb, '["Reddit Community Intelligence", "Reddit Conversation Summary Add-ons"]'::jsonb, 'Build positive proof stack, pain-point extraction, sponsor-safe summaries, and community trend data products.', 'Sponsor ads and data products can cite aggregated community proof without exposing private users.'),
  ('self_serve_ai_campaign_builder', 'Self-Serve AI Campaign Builder', 'adgrid', 94, 'ready_for_codex', 'phase_1', 'Let any sponsor enter service area, budget, goal, phone, category, and offer; AdGrid builds internal placements, creative variants, bid/floor recommendations, and proof packets.', '{"brand_safety": "avoid Meta-style uncontrolled creative drift", "control": "human sponsor can review/approve before launch"}'::jsonb, '["Meta AI ad automation", "Google agentic capabilities", "Motion what-to-make-next AI"]'::jsonb, 'Create wizard spec, recommendation outputs, generated campaign assets, target inventory selection, and safeguards.', 'Sponsor can generate a campaign package without knowing ad jargon.'),
  ('competitor_displacement_layer', 'Competitor Displacement Layer', 'growth_intelligence', 93, 'ready_for_codex', 'phase_1', 'Identify who is buying or owning heavy-haul attention and build moats before they see Haul Command coming.', '{"copying": "do not copy ads verbatim; extract patterns and beat them", "ethics": "use public/legal competitive intelligence only"}'::jsonb, '["Google Ads Transparency Center", "Meta Ad Library", "Semrush/SpyFu/Adthena pattern", "niche directories"]'::jsonb, 'Build competitor target records, gap scoring, displacement recommendations, and sponsor/offering counter-moves.', 'Codex can show what competitor family is winning, what they lack, and what HC product closes the gap.'),
  ('category_location_engine_120', 'Yellow Pages 100X Category × Location Engine', 'directory_adgrid_data', 92, 'ready_for_codex', 'phase_1', 'Turn every role/category/location combination across 120 countries into directory inventory, SEO/AEO surface, AdGrid slot, and data product row.', '{"compliance": "country-specific legal/data gates", "quality": "only index pages with enough evidence/coverage or honest scarcity labeling"}'::jsonb, '["Yellow Pages category/location model", "Google Local Services Ads", "Haul Command 120-country spine"]'::jsonb, 'Seed the contract for category/location monetization, sponsor exclusivity, proof, and data products.', 'Each category-location cell can be evaluated for SEO, sponsor, data, and supply gap readiness.'),
  ('retargeting_recovery_layer', 'External Retargeting Recovery Layer', 'retargeting', 90, 'ready_for_codex', 'phase_1', 'Use outside networks only to bring Haul Command visitors back into the directory, claim flow, sponsor checkout, data portal, or lead product.', '{"external_scope": "retargeting only", "privacy": "consent, country eligibility, and platform policy gates required"}'::jsonb, '["Google/Meta retargeting", "first-party audience recovery"]'::jsonb, 'Define audiences, event eligibility, suppression, campaign intents, and return-to-HC CTAs.', 'Retargeting never becomes external AdGrid; it only recovers abandoned/qualified HC intent.'),
  ('sponsor_proof_packets', 'Universal Sponsor Proof Packets', 'adgrid', 89, 'ready_for_codex', 'phase_1', 'Make every sponsor renewal easier by proving where ads ran, what happened, what improved, and what to buy next.', '{"privacy": "show sponsor aggregate/business-level proof, not private user logs", "truth": "do not inflate metrics"}'::jsonb, '["Motion reporting", "Google campaign reporting", "Reddit proof under ads"]'::jsonb, 'Create proof packet blueprints for call ads, directory sponsors, HC ASK answers, clips, newsletters, takeovers, AMA/events, and direct offers.', 'Every paid product has a proof-packet template with renewal recommendations.'),
  ('data_product_self_serve_portal', '120-Country Self-Serve Data Product Portal', 'data_monetization', 88, 'ready_for_codex', 'phase_1', 'Launch data monetization as a first-three product with self-serve browsing, previews, export jobs, API keys, entitlements, and legal gates.', '{"freshness": "show coverage, confidence, date, and provenance", "privacy": "aggregated/allowed data only"}'::jsonb, '["Google measurement/reporting", "Reddit Insights", "Haul Command data product spine"]'::jsonb, 'Use existing data product/export/API-key tables where available; add app routes and UI using these blueprints.', 'Buyer can self-serve country/category/corridor reports with preview, purchase, export/API access, and confidence/freshness labels.')
on conflict (program_key) do update set program_name=excluded.program_name, product_area=excluded.product_area, priority=excluded.priority, status=excluded.status, launch_phase=excluded.launch_phase, mission=excluded.mission, hard_boundaries=excluded.hard_boundaries, source_inspiration=excluded.source_inspiration, codex_directive=excluded.codex_directive, acceptance_summary=excluded.acceptance_summary;

insert into hc_build.codex_feature_specs (feature_key, program_key, feature_name, product_area, priority, build_stage, monetization_model, why_now, target_surfaces, event_sources, data_monetization_effect, required_existing_objects, new_objects_to_build, core_spec, guardrails, codex_directive, acceptance_criteria) values
  ('adgrid_internal_scope_lock', 'adgrid_motion_intelligence', 'Internal AdGrid Scope Lock', 'adgrid', 100, 'contract', 'Prevents drift; keeps all sponsor dollars tied to Haul Command-owned inventory.', 'User clarified AdGrid is Google Ads only inside the HC directory/ecosystem, with external retargeting only.', '["all_adgrid_surfaces"]'::jsonb, '["all_adgrid_events"]'::jsonb, '{"effect": "clean boundary for event policy and sales collateral"}'::jsonb, '["hc_adgrid_*", "ad_* tables where present"]'::jsonb, '["adgrid boundary checks", "admin copy updates"]'::jsonb, '{"must_enforce": ["internal owned surfaces only", "external retargeting only", "no open external publisher network"]}'::jsonb, '["Never pitch AdGrid as external network", "Do not create outside publisher inventory"]'::jsonb, 'Add product copy, admin constants, and tests that enforce AdGrid internal-only positioning.', '["AdGrid UI/copy says internal ecosystem ads", "Retargeting is a separate product area", "No model names external publisher inventory as AdGrid inventory"]'::jsonb),
  ('dual_purpose_event_policy', 'adgrid_data_monetization_bridge', 'Dual-Purpose AdGrid Event Policy', 'data_monetization', 100, 'contract', 'Each event improves ads and creates eligible aggregated data products.', 'AdGrid and self-serve data monetization launch early together; signals must be captured right from day one.', '["directory", "hc_ask", "threads", "clips", "newsletter", "load_board", "data_portal"]'::jsonb, '["impressions", "clicks", "calls", "claims", "leads", "hides", "reports", "profile_views", "clip_events"]'::jsonb, '{"products": ["demand indexes", "call-intent benchmarks", "sponsor opportunity maps", "scarcity reports"]}'::jsonb, '["hc_data_products", "hc_data_bundles", "hc_data_product_export_jobs", "hc_data_api_keys", "v_data_product_legal_gate"]'::jsonb, '["aggregate signal marts", "privacy gate service", "data product preview API"]'::jsonb, '{"default_privacy": "aggregate only", "minimum_k": 10, "raw_storage": "private/restricted"}'::jsonb, '["No individual-level user data product", "Country legal gate before export", "Freshness/confidence/provenance labels required"]'::jsonb, 'Implement aggregate marts and data-product eligibility checks using this policy as the source of truth.', '["Every event has revenue_use and data_product_use", "Exports block if privacy gate fails", "Previews show coverage/confidence/freshness"]'::jsonb),
  ('creative_pattern_library', 'adgrid_motion_intelligence', 'Creative Pattern Library', 'adgrid', 98, 'contract', 'Clone winning creative angles across 120 countries and sponsor categories.', 'Motion-style intelligence should sit on top of existing A/B tests and creative framework fields.', '["directory", "conversation_ads", "newsletter", "clips", "hc_ask", "house_ads"]'::jsonb, '["ab_tests", "impressions", "clicks", "leads", "calls", "claims", "hides", "reports"]'::jsonb, '{"secondary_products": ["adgrid_roi_benchmarks", "sponsor category benchmarks"]}'::jsonb, '["hc_adgrid_ab_tests", "hc_adgrid_campaign", "hc_adgrid_house_ad_templates"]'::jsonb, '["pattern scorer", "next move recommender", "creative angle tagging"]'::jsonb, '{"angles": ["urgent load", "missed money", "dispatch ready", "certified trust", "scarce supply", "local specialist", "corridor dominance", "country takeover", "compliance confidence", "route ready equipment", "fast pay", "sponsor this market"]}'::jsonb, '["Do not auto-publish unreviewed paid sponsor creative", "Maintain sponsor brand controls"]'::jsonb, 'Build tagging and scoring adapters over existing campaign/creative tables; expose top patterns by market/surface/role.', '["Can query winning angles", "Can recommend clone/kill/rewrite/sponsor/localize", "Can attach pattern to proof packet"]'::jsonb),
  ('heavy_haul_call_ads', 'heavy_haul_call_ads', 'Heavy Haul Call Ads', 'adgrid', 99, 'contract', 'Pay-per-call, qualified-call, urgent-call, exclusive-call, and call-focused sponsor packages.', 'Google call assets/call reporting prove call intent is high value; HC can add heavy-haul context Google lacks.', '["directory", "city_page", "corridor_page", "hc_ask", "mobile_profile", "retargeting_landing"]'::jsonb, '["call_tap", "call_connected", "call_duration", "qualified_call", "missed_call", "call_outcome"]'::jsonb, '{"products": ["call intent index", "category response benchmarks", "missed demand report"]}'::jsonb, '["hc_adgrid_campaign", "hc_adgrid_outcome_events", "directory/provider profiles"]'::jsonb, '["call product specs", "routing number abstraction", "qualified-call rules", "missed-call recovery queue"]'::jsonb, '{"pricing": ["cpc_call_tap", "pay_per_qualified_call", "exclusive_call_lead", "monthly call sponsor"], "qualification": ["duration threshold", "unique caller window", "role/category match", "business-hours match", "spam filter", "manual outcome override"]}'::jsonb, '["Consent/legal gate for recording/transcripts", "No sale of raw call recordings as data product", "Verify phone represents sponsor"]'::jsonb, 'Build call ads as first-class AdGrid product with event capture, billing hooks, and proof metrics.', '["Call CTA works on mobile/desktop", "Business-hour schedule supported", "Qualified calls can be billed/proven", "Missed calls create recovery tasks"]'::jsonb),
  ('sponsored_hc_ask_answers', 'sponsored_hc_ask_answers', 'Sponsored HC ASK Answers', 'search_ai', 98, 'contract', 'Sponsored answer slots, call/quote CTAs, market/category sponsorships, direct offers.', 'Google is bringing ads to AI Overviews and AI Mode; HC must own AI search for heavy haul before Google commoditizes it.', '["hc_ask", "ai_search", "directory_search", "glossary_answers", "route_questions"]'::jsonb, '["answer_view", "sponsor_card_view", "call_tap", "quote_request", "profile_click", "hide_report"]'::jsonb, '{"products": ["ai-search demand report", "question intent atlas", "sponsor opportunity map"]}'::jsonb, '["search/ask surface", "directory profiles", "hc_adgrid_campaign"]'::jsonb, '["answer slot policy", "sponsored label component", "organic+sponsored assembly", "answer event schema"]'::jsonb, '{"answer_parts": ["organic useful answer", "verified directory results", "clearly labeled sponsors", "call/quote CTA", "proof stack", "data signal logging"]}'::jsonb, '["Clear sponsored label", "Never degrade safety/compliance answer", "Do not hide organic answer behind payment"]'::jsonb, 'Create answer-slot inventory and matching rules that use role/country/corridor/category intent.', '["Sponsored answers are labeled", "Organic answer remains present", "Events feed AdGrid and data monetization", "Poor quality sponsors can be suppressed"]'::jsonb),
  ('direct_offers', 'sponsored_hc_ask_answers', 'AdGrid Direct Offers', 'adgrid', 93, 'contract', 'Time-boxed discounts, market launches, category promotions, sponsor checkout recovery.', 'AI search/commercial answers are moving toward direct action; HC should sell offers at the point of intent.', '["hc_ask", "directory", "clips", "newsletter", "retargeting", "sponsor_dashboard"]'::jsonb, '["offer_view", "offer_click", "offer_claim", "purchase", "lead_unlock"]'::jsonb, '{"products": ["offer demand benchmarks", "category price response report"]}'::jsonb, '["adgrid campaigns", "billing/orders/entitlements"]'::jsonb, '["offer object", "eligibility/schedule rules", "market/country gates"]'::jsonb, '{"offer_types": ["discount", "sponsor this market", "claim upgrade", "route ready kit", "permit rush quote", "exclusive lead unlock", "install appointment"]}'::jsonb, '["Expiration visible", "Terms visible", "No deceptive scarcity"]'::jsonb, 'Define direct offer model and render path for AdGrid surfaces.', '["Offer can target market/category/role", "Offer has expiration/terms", "Offer conversion is tracked"]'::jsonb),
  ('smart_slot_assembly', 'adgrid_motion_intelligence', 'Smart Slot Assembly', 'adgrid', 91, 'contract', 'Higher CTR/CVR by assembling the right CTA/proof/format per user intent and surface.', 'Google assets appear selectively based on context; HC needs similar internal assembly, but with heavy-haul intent.', '["directory", "mobile", "desktop", "hc_ask", "threads", "clips"]'::jsonb, '["impression", "asset_variant", "click", "call", "lead", "hide"]'::jsonb, '{"products": ["slot performance benchmarks", "surface ROI report"]}'::jsonb, '["hc_adgrid_slots", "hc_adgrid_page_slots", "hc_adgrid_relevance_signals"]'::jsonb, '["slot assembly service", "asset component scoring", "fallback house-ad rules"]'::jsonb, '{"components": ["headline", "proof", "CTA", "call button", "map/city tag", "sponsor badge", "rating", "urgency", "offer", "clip", "compliance badge", "corridor relevance"]}'::jsonb, '["Must respect sponsor approvals", "Must keep sponsor label"]'::jsonb, 'Build rules that choose components by device, market, category, user intent, and historical performance.', '["Mobile call-first assembly supported", "Desktop quote/profile-first assembly supported", "Fallback house ad fills unsold slots"]'::jsonb),
  ('heavy_haul_quality_score', 'adgrid_motion_intelligence', 'Heavy Haul Ad Quality Score', 'adgrid_trust', 95, 'contract', 'Protects ecosystem trust; improves ad yield by rewarding verified/relevant sponsors.', 'Haul Command must be better than Google by not letting bad sponsors buy trust.', '["all_adgrid_surfaces"]'::jsonb, '["reviews", "claim_status", "response_speed", "call_answer_rate", "complaints", "hide_report", "profile_completeness", "credential_status"]'::jsonb, '{"products": ["trusted supplier benchmarks", "market trust report"]}'::jsonb, '["provider profiles", "reviews/trust/badges", "adgrid campaigns"]'::jsonb, '["quality score dimensions", "suppression thresholds", "score reason API"]'::jsonb, '{"dimensions": ["verified profile", "role fit", "market fit", "response speed", "call answer rate", "complaint rate", "reviews", "credential/badge status", "landing quality", "creative clarity", "corridor relevance", "fulfillment capacity"]}'::jsonb, '["Do not use protected/sensitive attributes", "Provide reason codes", "Allow manual review"]'::jsonb, 'Create quality score adapter and use it in slot eligibility and sponsor dashboards.', '["Poor-quality sponsor suppressed from trust-sensitive surfaces", "Reason codes visible to admin", "Quality score feeds proof packet"]'::jsonb),
  ('community_proof_stack', 'community_intelligence', 'Community Proof Stack Ads', 'community_adgrid', 90, 'contract', 'Better ad trust and renewal by showing safe positive proof under sponsor placements.', 'Reddit is using positive community posts under ads; HC can do this more safely with verified heavy-haul context.', '["conversation_threads", "directory", "hc_ask", "sponsor_dashboard"]'::jsonb, '["reviews", "thread_answers", "votes", "helpful_marks", "clip_comments", "claims", "jobs_completed"]'::jsonb, '{"products": ["community pain point report", "trusted vendor signal"]}'::jsonb, '["threads/comments/reviews/profiles"]'::jsonb, '["proof candidate extractor", "moderation gate", "proof block renderer"]'::jsonb, '{"proof_types": ["verified review", "completed job count", "response speed", "badge", "most helpful answer", "clip/testimonial snippet", "directory rank", "local market presence"]}'::jsonb, '["No defamatory/unsafe content", "No private messages", "Sponsor cannot fabricate proof"]'::jsonb, 'Build proof-block pipeline that only surfaces safe, verified, sponsor-relevant proof.', '["Proof block shows source/type/date", "Admin can suppress proof item", "Proof performance is tracked"]'::jsonb),
  ('ai_campaign_builder', 'self_serve_ai_campaign_builder', 'Self-Serve AI AdGrid Campaign Builder', 'adgrid_self_serve', 94, 'contract', 'Unlock long-tail sponsors across 120 countries without manual ad ops.', 'Meta and Google are moving toward agentic/automated ad creation; HC should own this in heavy haul.', '["advertiser_dashboard", "sponsor_checkout", "directory_claim_flow"]'::jsonb, '["campaign_created", "creative_generated", "budget_set", "approval", "launch", "performance"]'::jsonb, '{"products": ["advertiser demand report", "market price sensitivity"]}'::jsonb, '["advertiser_accounts", "hc_adgrid_campaign", "hc_adgrid_ab_tests", "billing/orders"]'::jsonb, '["campaign wizard", "recommendation engine", "creative review queue", "auto-generated package summary"]'::jsonb, '{"inputs": ["business type", "service area", "budget", "goal", "phone", "offer", "target role", "country/state/city/corridor"], "outputs": ["directory ad", "call ad", "conversation ad", "newsletter slot", "clip sponsor card", "HC ASK sponsored answer", "retargeting audience", "proof packet plan"]}'::jsonb, '["No auto-launch without approval by default", "Brand safety checks required", "No unrealistic guarantee claims"]'::jsonb, 'Build wizard and backend spec that maps sponsor inputs to campaign package recommendations.', '["Sponsor can create package in plain language", "System recommends surfaces/budget/bid/floor", "Sponsor reviews generated copy before launch"]'::jsonb),
  ('similar_market_expansion', 'self_serve_ai_campaign_builder', 'Similar Market Expansion', 'growth_intelligence', 88, 'contract', 'Upsell sponsors into similar high-intent markets; clone winners globally.', 'Meta lookalikes/general targeting are broad; HC can do niche-specific market similarity.', '["sponsor_dashboard", "admin_growth_console", "data_product_portal"]'::jsonb, '["market_performance", "category_demand", "call_intent", "supply_gap", "sponsor_roi"]'::jsonb, '{"products": ["similar market expansion report", "sponsor opportunity map"]}'::jsonb, '["market/demand/corridor/country data tables"]'::jsonb, '["market similarity scoring", "clone recommendation jobs"]'::jsonb, '{"similarity_factors": ["role demand", "category demand", "corridor behavior", "call conversion", "supply scarcity", "country maturity", "language/regulatory fit"]}'::jsonb, '["Show confidence and why", "Do not recommend illegal/ineligible markets"]'::jsonb, 'Generate recommended clone markets for campaigns, clips, data products, and category pages.', '["Dashboard returns top similar markets", "Each recommendation has reasons/confidence", "Can convert recommendation into Codex task/campaign draft"]'::jsonb),
  ('breakout_clip_asset_ledger', 'media_factory_breakout_clips', 'Breakout Clip Asset Ledger', 'media_factory_adgrid', 94, 'contract', 'Each clip becomes sponsor inventory, retargeting seed, SEO/AEO asset, training snippet, and data signal.', 'Breakout clips were already planned; this formalizes the revenue and signal loop.', '["clips", "video_seo_pages", "directory", "newsletter", "threads", "retargeting"]'::jsonb, '["clip_view", "watch_percent", "cta_click", "sponsor_click", "share", "save", "comment", "lead", "claim"]'::jsonb, '{"products": ["clip trend report", "topic demand heatmap", "sponsor category alert"]}'::jsonb, '["hc_operator_videos", "hc_video_channel_registry", "hc_video_series_registry", "hc_video_seo_rules"]'::jsonb, '["clip metadata ledger", "clip-to-sponsor routing", "clip-to-data-signal adapter"]'::jsonb, '{"metadata": ["topic", "role", "country", "corridor", "sponsor_category", "hook", "guest/operator", "format", "length", "CTA", "linked directory/category/glossary"]}'::jsonb, '["Disclose sponsored clips", "Respect rights/permissions", "Do not use private footage without consent"]'::jsonb, 'Make all clips trackable, taggable, sponsorable, and linkable to data products.', '["Clip has performance ledger", "Sponsor package can include clip family", "High-performing clip creates market/topic signal"]'::jsonb),
  ('media_factory_rendering_stack', 'media_factory_breakout_clips', 'HyperFrames + Remotion Rendering Stack', 'media_factory', 86, 'contract', 'Reduce creative cost and create thousands of localized sponsor/data/report assets.', 'AdGrid needs cheap creative variants at country/city/category scale.', '["adgrid_creatives", "sponsor_proof_packets", "clips", "reports", "newsletter"]'::jsonb, '["asset_rendered", "variant_tested", "asset_used", "asset_won"]'::jsonb, '{"products": ["visual data report exports", "benchmark video snippets"]}'::jsonb, '["storage/media tables if present"]'::jsonb, '["render job contracts", "template registry", "asset provenance"]'::jsonb, '{"heygen_minimal_use": ["trust intros", "sponsor explainer", "training intro"], "hyperframes_use": ["stat cards", "sponsor cards", "leaderboard clips", "market pulse snippets", "proof visuals"], "remotion_use": ["recurring series", "weekly market reports", "country readiness videos", "sponsor packages", "AMA recaps"]}'::jsonb, '["AdGrid stores refs; Media Factory renders", "Do not overuse expensive avatar video", "Template/version provenance required"]'::jsonb, 'Create renderer abstraction and template registry; connect outputs to AdGrid asset references.', '["Asset records include engine/template/version", "AdGrid can select media asset by ID", "Proof packet can include rendered visual"]'::jsonb),
  ('weekly_adgrid_retro', 'adgrid_motion_intelligence', 'Weekly AdGrid Retro', 'growth_intelligence', 87, 'contract', 'Turns performance into next week revenue moves.', 'Motion-style retros force cloning winners and killing losers.', '["admin_dashboard", "sales_dashboard", "sponsor_dashboard"]'::jsonb, '["all_adgrid_events", "data_product_sales", "sponsor_renewals"]'::jsonb, '{"products": ["weekly market intelligence brief"]}'::jsonb, '["adgrid performance views", "data product views"]'::jsonb, '["weekly retro generator", "next-action queue"]'::jsonb, '{"sections": ["winning ads", "winning house ads", "winning markets", "weak spots", "money left", "sponsors to pitch", "data products to create", "clips to produce", "prices to raise"]}'::jsonb, '["Show confidence/freshness", "Do not over-claim causality"]'::jsonb, 'Create weekly retro view/API and admin UI component.', '["Retro produces ranked actions", "Actions can become Codex tasks", "Report includes evidence links"]'::jsonb),
  ('sponsor_proof_packets_all_products', 'sponsor_proof_packets', 'Sponsor Proof Packets Across Every Paid Product', 'adgrid', 93, 'contract', 'Renewal and upsell engine for every AdGrid product.', 'Sponsors buy again when proof is obvious.', '["sponsor_dashboard", "sales_admin", "email/pdf export later"]'::jsonb, '["impressions", "clicks", "calls", "leads", "claims", "profile_visits", "clip_metrics", "market_lift"]'::jsonb, '{"products": ["sponsor ROI benchmarks", "category benchmarks"]}'::jsonb, '["hc_adgrid_ama_sponsorships", "hc_adgrid_campaign", "hc_adgrid_outcome_events"]'::jsonb, '["universal proof packet objects", "renewal recommender", "screenshot/placement evidence store"]'::jsonb, '{"packet_fields": ["where ads showed", "screenshots/previews", "impressions", "clicks", "calls", "leads", "profile visits", "claim assists", "best creative", "worst creative", "next market", "next package", "missed surfaces"]}'::jsonb, '["Truthful metrics only", "Aggregate private behavior", "Clear attribution model"]'::jsonb, 'Expand proof packet concept beyond AMA into all sponsor products.', '["Each paid product maps to a proof packet template", "Sponsor dashboard shows current proof", "Renewal recommendation generated"]'::jsonb),
  ('category_location_engine', 'category_location_engine_120', 'Category × Location Monetization Engine', 'directory_data_adgrid', 91, 'contract', 'Every market cell can monetize via SEO, directory claims, sponsor slots, call ads, data reports, and exclusivity.', 'HC has 120 countries; the core moat is owning category/location intent before Google/Yelp/directories do.', '["category_pages", "city_pages", "state_pages", "country_pages", "corridor_pages", "data_portal"]'::jsonb, '["page_views", "searches", "calls", "claims", "sponsor_buys", "supply_gap", "data_exports"]'::jsonb, '{"products": ["category scarcity index", "market readiness packet", "sponsor opportunity report"]}'::jsonb, '["country/city/market/directory tables", "seo pages", "hc_data_products"]'::jsonb, '["market cell scoring", "sponsor readiness badges", "category data product generator"]'::jsonb, '{"categories": ["pilot car companies", "permit services", "mobile repair", "radio installers", "secure parking", "oversize motels", "route surveyors", "insurance", "training", "equipment", "brokers", "staging yards"]}'::jsonb, '["Honest coverage labeling", "No fake supply", "Country legal gate"]'::jsonb, 'Build scoring and page/product generation based on category/location readiness.', '["Market cell has SEO readiness, sponsor readiness, data readiness", "Cells produce next actions", "Sponsors can buy eligible category/location packages"]'::jsonb),
  ('competitor_displacement_map', 'competitor_displacement_layer', 'Competitor Displacement Map', 'growth_intelligence', 89, 'contract', 'Steal budget ethically by identifying competitor gaps and pitching superior HC products.', 'Need to beat Google, Reddit, Facebook, Yellow Pages, freight boards, and niche directories before they own the heavy-haul vertical.', '["admin_growth_console", "sales_dashboard", "data_product_portal"]'::jsonb, '["public competitor observations", "search results", "ad libraries", "directory gaps", "sponsor feedback"]'::jsonb, '{"products": ["competitor gap report", "share-of-attention report"]}'::jsonb, '["competitor_intel", "hc_competitor_page_intelligence where present"]'::jsonb, '["competitor family playbooks", "gap score", "countermove recommendations"]'::jsonb, '{"families": ["search ads", "social/community", "local directories", "freight boards", "niche heavy-haul sites", "ad intelligence tools"]}'::jsonb, '["Use public/legal data only", "Extract patterns not copy", "Manual review for claims"]'::jsonb, 'Build competitor playbook UI and scoring jobs.', '["Each competitor family has gaps/countermoves", "Admin sees moat tasks", "Sales gets sponsor pitch angle"]'::jsonb),
  ('retargeting_recovery_audiences', 'retargeting_recovery_layer', 'Retargeting Recovery Audiences', 'retargeting', 82, 'contract', 'Recover abandoned claim, sponsor checkout, call intent, data product preview, and lead unlock behavior.', 'External networks are allowed only for retargeting; this turns leakage into recovery.', '["external_retargeting", "return_landing_pages"]'::jsonb, '["claim_abandon", "sponsor_checkout_abandon", "directory_visit", "data_preview", "lead_unlock_abandon", "clip_watch"]'::jsonb, '{"products": ["retargeting lift benchmark"]}'::jsonb, '["pixel/analytics/event layer", "consent manager"]'::jsonb, '["audience eligibility rules", "suppression rules", "return CTAs"]'::jsonb, '{"audiences": ["abandoned claim", "sponsor checkout", "directory category visitor", "HC ASK commercial intent", "data product preview", "lead unlock intent", "clip topic viewer"]}'::jsonb, '["Consent/platform policy gate", "No sensitive category targeting", "Suppression after conversion"]'::jsonb, 'Define retargeting audience exports and return-to-HC landing intents; do not create external inventory.', '["Each audience has eligibility/suppression", "External campaign CTA returns to HC", "Conversions dedupe against internal events"]'::jsonb),
  ('data_product_self_serve_portal', 'data_product_self_serve_portal', 'Self-Serve Data Product Portal', 'data_monetization', 97, 'contract', 'Sell reports, API access, bundles, exports, and benchmarks across all 120 countries.', 'User said this is one of first three products live with AdGrid.', '["data_portal", "account_dashboard", "checkout", "api_keys", "exports"]'::jsonb, '["data_preview", "purchase", "export_job", "api_call", "renewal"]'::jsonb, '{"primary": "core revenue product"}'::jsonb, '["hc_data_products", "hc_data_bundles", "hc_data_product_export_jobs", "hc_data_api_keys", "v_data_monetization_command_center"]'::jsonb, '["catalog UI", "preview gating", "checkout integration", "export/API flows", "freshness/confidence labels"]'::jsonb, '{"features": ["catalog", "country/category/corridor filters", "sample rows", "coverage meter", "legal gate", "purchase", "export job", "API key", "bundle upsell"]}'::jsonb, '["No raw PII exports", "Coverage/freshness/provenance visible", "Country legal gate"]'::jsonb, 'Implement portal using existing data spine and these blueprints as catalog source.', '["Buyer can browse/preview/buy/export", "API keys tied to entitlements", "Legal gate blocks ineligible data"]'::jsonb),
  ('partner_program_adgrid_feed', 'category_location_engine_120', 'Partner Program Feed Into AdGrid', 'partners_adgrid', 80, 'contract', 'Partners become verified sponsor supply for category/location inventory.', 'Partner program can fill inventory and strengthen proof/data products.', '["partner_marketplace", "directory", "adgrid", "data_portal"]'::jsonb, '["partner_application", "verification", "sponsor_purchase", "lead_delivery", "renewal"]'::jsonb, '{"products": ["partner supply coverage report", "category availability report"]}'::jsonb, '["partner/provider/sponsor tables where present"]'::jsonb, '["partner-to-sponsor packaging", "verified partner badge mapping"]'::jsonb, '{"partner_types": ["permit services", "insurance", "radio installers", "equipment suppliers", "training providers", "route surveyors", "mobile mechanics", "parking yards", "brokers", "compliance consultants"]}'::jsonb, '["Verification before trust badge", "Disclosure for sponsored status"]'::jsonb, 'Map verified partners into eligible AdGrid sponsor/category inventory.', '["Partner can become sponsor inventory", "Verified status affects quality score", "Partner coverage feeds data products"]'::jsonb)
on conflict (feature_key) do update set program_key=excluded.program_key, feature_name=excluded.feature_name, product_area=excluded.product_area, priority=excluded.priority, build_stage=excluded.build_stage, monetization_model=excluded.monetization_model, why_now=excluded.why_now, target_surfaces=excluded.target_surfaces, event_sources=excluded.event_sources, data_monetization_effect=excluded.data_monetization_effect, required_existing_objects=excluded.required_existing_objects, new_objects_to_build=excluded.new_objects_to_build, core_spec=excluded.core_spec, guardrails=excluded.guardrails, codex_directive=excluded.codex_directive, acceptance_criteria=excluded.acceptance_criteria;

insert into hc_build.adgrid_surface_taxonomy (surface_key, surface_family, surface_name, monetizable, supports_house_ads, supports_paid_sponsors, supports_call_ads, supports_sponsored_answers, supports_data_signal_capture, recommended_ad_products, required_events, data_products_fed, notes) values
  ('directory_category_page', 'directory', 'Directory Category Page', true, true, true, true, false, true, '["sponsored_listing", "call_ad", "direct_offer", "proof_stack"]'::jsonb, '["impression", "click", "outcome", "hide_report"]'::jsonb, '["market_demand", "category_interest", "sponsor_opportunity"]'::jsonb, 'Internal HC-owned surface only.'),
  ('operator_profile', 'directory', 'Operator / Provider Profile', true, true, true, true, false, true, '["profile_boost", "call_ad", "proof_stack", "house_claim_ad"]'::jsonb, '["impression", "click", "outcome", "hide_report"]'::jsonb, '["market_demand", "category_interest", "sponsor_opportunity"]'::jsonb, 'Internal HC-owned surface only.'),
  ('broker_profile', 'directory', 'Broker Profile', true, true, true, true, false, true, '["broker_boost", "lead_capture", "call_ad"]'::jsonb, '["impression", "click", "outcome", "hide_report"]'::jsonb, '["market_demand", "category_interest", "sponsor_opportunity"]'::jsonb, 'Internal HC-owned surface only.'),
  ('role_page', 'seo_aeo', 'Role Page', true, true, true, true, true, true, '["role_sponsor", "call_ad", "sponsored_answer", "data_preview"]'::jsonb, '["impression", "click", "outcome", "hide_report"]'::jsonb, '["market_demand", "category_interest", "sponsor_opportunity"]'::jsonb, 'Internal HC-owned surface only.'),
  ('city_page', 'seo_aeo', 'City Page', true, true, true, true, true, true, '["city_sponsor", "call_ad", "market_takeover", "sponsored_answer"]'::jsonb, '["impression", "click", "outcome", "hide_report"]'::jsonb, '["market_demand", "category_interest", "sponsor_opportunity"]'::jsonb, 'Internal HC-owned surface only.'),
  ('state_region_page', 'seo_aeo', 'State / Region Page', true, true, true, true, true, true, '["region_sponsor", "sponsor_map", "call_ad"]'::jsonb, '["impression", "click", "outcome", "hide_report"]'::jsonb, '["market_demand", "category_interest", "sponsor_opportunity"]'::jsonb, 'Internal HC-owned surface only.'),
  ('country_page', 'seo_aeo', 'Country Page', true, true, true, false, true, true, '["country_takeover", "data_product_preview", "sponsored_answer"]'::jsonb, '["impression", "click", "outcome", "hide_report"]'::jsonb, '["market_demand", "category_interest", "sponsor_opportunity"]'::jsonb, 'Internal HC-owned surface only.'),
  ('corridor_page', 'routeintel', 'Corridor Page', true, true, true, true, true, true, '["corridor_sponsor", "call_ad", "direct_offer", "data_preview"]'::jsonb, '["impression", "click", "outcome", "hide_report"]'::jsonb, '["market_demand", "category_interest", "sponsor_opportunity"]'::jsonb, 'Internal HC-owned surface only.'),
  ('route_intel_page', 'routeintel', 'Route Intelligence Page', true, true, true, true, true, true, '["route_support_sponsor", "permit_service_offer", "parking_offer"]'::jsonb, '["impression", "click", "outcome", "hide_report"]'::jsonb, '["market_demand", "category_interest", "sponsor_opportunity"]'::jsonb, 'Internal HC-owned surface only.'),
  ('hc_ask_answer', 'search_ai', 'HC ASK Answer', true, true, true, true, true, true, '["sponsored_answer", "call_ad", "direct_offer", "verified_provider_card"]'::jsonb, '["impression", "click", "outcome", "hide_report"]'::jsonb, '["market_demand", "category_interest", "sponsor_opportunity"]'::jsonb, 'Internal HC-owned surface only.'),
  ('conversation_thread', 'community', 'Conversation Thread', true, true, true, false, false, true, '["conversation_ad", "proof_stack", "sponsored_expert_answer"]'::jsonb, '["impression", "click", "outcome", "hide_report"]'::jsonb, '["market_demand", "category_interest", "sponsor_opportunity"]'::jsonb, 'Internal HC-owned surface only.'),
  ('newsletter_slot', 'newsletter', 'Newsletter Slot', true, true, true, false, false, true, '["newsletter_sponsor", "direct_offer", "clip_sponsor"]'::jsonb, '["impression", "click", "outcome", "hide_report"]'::jsonb, '["market_demand", "category_interest", "sponsor_opportunity"]'::jsonb, 'Internal HC-owned surface only.'),
  ('breakout_clip', 'media', 'Breakout Clip', true, true, true, false, false, true, '["clip_sponsorship", "native_video_ad", "direct_offer"]'::jsonb, '["impression", "click", "outcome", "hide_report"]'::jsonb, '["market_demand", "category_interest", "sponsor_opportunity"]'::jsonb, 'Internal HC-owned surface only.'),
  ('video_seo_page', 'media', 'Video SEO Page', true, true, true, true, true, true, '["video_page_sponsor", "call_ad", "related_answer_sponsor"]'::jsonb, '["impression", "click", "outcome", "hide_report"]'::jsonb, '["market_demand", "category_interest", "sponsor_opportunity"]'::jsonb, 'Internal HC-owned surface only.'),
  ('load_board', 'marketplace', 'Load Board Surface', true, true, true, true, false, true, '["load_boost", "lead_unlock", "call_ad", "broker_offer"]'::jsonb, '["impression", "click", "outcome", "hide_report"]'::jsonb, '["market_demand", "category_interest", "sponsor_opportunity"]'::jsonb, 'Internal HC-owned surface only.'),
  ('lead_marketplace', 'marketplace', 'Lead Marketplace', true, true, true, true, false, true, '["lead_unlock", "exclusive_lead", "call_lead"]'::jsonb, '["impression", "click", "outcome", "hide_report"]'::jsonb, '["market_demand", "category_interest", "sponsor_opportunity"]'::jsonb, 'Internal HC-owned surface only.'),
  ('partner_marketplace', 'partners', 'Partner Marketplace', true, true, true, true, false, true, '["partner_feature", "category_sponsor", "call_ad"]'::jsonb, '["impression", "click", "outcome", "hide_report"]'::jsonb, '["market_demand", "category_interest", "sponsor_opportunity"]'::jsonb, 'Internal HC-owned surface only.'),
  ('sponsor_dashboard', 'advertiser', 'Sponsor Dashboard', true, true, true, false, false, true, '["upsell_card", "proof_packet", "next_market_offer"]'::jsonb, '["impression", "click", "outcome", "hide_report"]'::jsonb, '["market_demand", "category_interest", "sponsor_opportunity"]'::jsonb, 'Internal HC-owned surface only.'),
  ('data_product_portal', 'data', 'Data Product Portal', true, true, true, false, false, true, '["data_bundle_upsell", "sponsor_opportunity_ad", "report_preview"]'::jsonb, '["impression", "click", "outcome", "hide_report"]'::jsonb, '["market_demand", "category_interest", "sponsor_opportunity"]'::jsonb, 'Internal HC-owned surface only.'),
  ('training_academy', 'training', 'Training / Academy', true, true, true, false, false, true, '["course_sponsor", "equipment_offer", "certification_ad"]'::jsonb, '["impression", "click", "outcome", "hide_report"]'::jsonb, '["market_demand", "category_interest", "sponsor_opportunity"]'::jsonb, 'Internal HC-owned surface only.'),
  ('glossary_page', 'seo_aeo', 'Glossary Page', true, true, true, false, true, true, '["glossary_sponsor", "sponsored_answer", "data_preview"]'::jsonb, '["impression", "click", "outcome", "hide_report"]'::jsonb, '["market_demand", "category_interest", "sponsor_opportunity"]'::jsonb, 'Internal HC-owned surface only.')
on conflict (surface_key) do update set surface_family=excluded.surface_family, surface_name=excluded.surface_name, monetizable=excluded.monetizable, supports_house_ads=excluded.supports_house_ads, supports_paid_sponsors=excluded.supports_paid_sponsors, supports_call_ads=excluded.supports_call_ads, supports_sponsored_answers=excluded.supports_sponsored_answers, supports_data_signal_capture=excluded.supports_data_signal_capture, recommended_ad_products=excluded.recommended_ad_products, required_events=excluded.required_events, data_products_fed=excluded.data_products_fed, notes=excluded.notes;

insert into hc_build.adgrid_event_policy (event_key, event_family, event_name, privacy_level, revenue_use, data_product_use, aggregation_rule, minimum_k_anonymity, required_fields, prohibited_fields, codex_directive) values
  ('ad_impression', 'ad_delivery', 'Ad Impression', 'public_aggregate', 'Optimize pacing, yield, frequency, and surface pricing.', 'Aggregate reach by surface/category/market/time.', 'Aggregate by market/category/surface/day; never export user-level impression logs.', 50, '["event_id", "surface_key", "campaign_id", "market_key", "occurred_at"]'::jsonb, '["raw_ip", "full_user_agent", "precise_user_identity"]'::jsonb, 'Implement capture/aggregation policy for Ad Impression; enforce privacy level public_aggregate and k-anonymity 50 before self-serve data products.'),
  ('ad_click', 'ad_engagement', 'Ad Click', 'public_aggregate', 'CTR and billing/quality signal.', 'Click demand and sponsor opportunity reports.', 'Aggregate by market/category/surface/day with k>=10.', 25, '["event_id", "campaign_id", "surface_key", "market_key", "occurred_at"]'::jsonb, '["raw_ip", "individual_path"]'::jsonb, 'Implement capture/aggregation policy for Ad Click; enforce privacy level public_aggregate and k-anonymity 25 before self-serve data products.'),
  ('call_tap', 'call_ads', 'Call Tap', 'private_raw', 'Call ad billing precursor and call funnel metric.', 'Call-intent aggregates by category/location/time.', 'Raw call events private; only counts/rates exported after k>=10.', 10, '["event_id", "phone_asset_id", "campaign_id", "market_key", "occurred_at"]'::jsonb, '["caller_phone_export", "recording_export"]'::jsonb, 'Implement capture/aggregation policy for Call Tap; enforce privacy level private_raw and k-anonymity 10 before self-serve data products.'),
  ('call_connected', 'call_ads', 'Connected Call', 'private_raw', 'Measure sponsor response and call product value.', 'Response-rate benchmarks and market demand.', 'Aggregate durations/outcomes; no raw caller identifiers.', 10, '["event_id", "routing_number_id", "duration_seconds", "market_key"]'::jsonb, '["recording", "transcript", "caller_phone"]'::jsonb, 'Implement capture/aggregation policy for Connected Call; enforce privacy level private_raw and k-anonymity 10 before self-serve data products.'),
  ('qualified_call', 'call_ads', 'Qualified Call', 'private_raw', 'Pay-per-qualified-call billing and proof.', 'Qualified call demand index by market/category.', 'Export only aggregate qualified counts/rates; raw details stay private.', 10, '["event_id", "qualification_reason", "duration_seconds", "campaign_id"]'::jsonb, '["caller_phone", "recording", "transcript"]'::jsonb, 'Implement capture/aggregation policy for Qualified Call; enforce privacy level private_raw and k-anonymity 10 before self-serve data products.'),
  ('missed_call', 'call_ads', 'Missed Call', 'private_raw', 'Missed-call recovery and sponsor quality score.', 'Missed demand and response gap reports.', 'Aggregate only; do not sell caller details.', 10, '["event_id", "campaign_id", "market_key", "business_hours_status"]'::jsonb, '["caller_phone_export"]'::jsonb, 'Implement capture/aggregation policy for Missed Call; enforce privacy level private_raw and k-anonymity 10 before self-serve data products.'),
  ('listing_claim', 'directory', 'Listing Claim', 'public_aggregate', 'Claim funnel and house-ad conversion.', 'Directory claim rate benchmarks.', 'Aggregate by market/category/time and sponsor/source.', 10, '["entity_id", "market_key", "category_key", "occurred_at"]'::jsonb, '["claimant_identity_export"]'::jsonb, 'Implement capture/aggregation policy for Listing Claim; enforce privacy level public_aggregate and k-anonymity 10 before self-serve data products.'),
  ('profile_view', 'directory', 'Profile View', 'public_aggregate', 'Sponsor proof, ranking, and intent.', 'Provider demand and category demand reports.', 'Aggregate by market/category/time with k threshold.', 10, '["entity_id", "surface_key", "market_key", "occurred_at"]'::jsonb, '["viewer_identity"]'::jsonb, 'Implement capture/aggregation policy for Profile View; enforce privacy level public_aggregate and k-anonymity 10 before self-serve data products.'),
  ('lead_unlock', 'marketplace', 'Lead Unlock', 'private_raw', 'Lead marketplace billing and quality.', 'Lead demand benchmarks and price sensitivity.', 'Aggregate only; never export lead buyer/seller identity without entitlement/legal basis.', 10, '["lead_id", "buyer_account_id", "market_key", "category_key"]'::jsonb, '["raw_contact_details"]'::jsonb, 'Implement capture/aggregation policy for Lead Unlock; enforce privacy level private_raw and k-anonymity 10 before self-serve data products.'),
  ('quote_request', 'marketplace', 'Quote Request', 'private_raw', 'Conversion and sponsor lead proof.', 'Quote demand heatmaps by category/market.', 'Aggregate by category/location/time; redact company/person details.', 10, '["request_id", "category_key", "market_key", "occurred_at"]'::jsonb, '["shipper_contact", "load_sensitive_details"]'::jsonb, 'Implement capture/aggregation policy for Quote Request; enforce privacy level private_raw and k-anonymity 10 before self-serve data products.'),
  ('sponsored_answer_view', 'search_ai', 'Sponsored HC ASK Answer View', 'public_aggregate', 'Measure answer slot reach and relevance.', 'AI-search intent atlas and sponsor opportunity map.', 'Aggregate by question intent/category/location.', 10, '["answer_id", "intent_key", "campaign_id", "market_key"]'::jsonb, '["full_query_text_if_sensitive"]'::jsonb, 'Implement capture/aggregation policy for Sponsored HC ASK Answer View; enforce privacy level public_aggregate and k-anonymity 10 before self-serve data products.'),
  ('sponsored_answer_click', 'search_ai', 'Sponsored HC ASK Answer Click', 'public_aggregate', 'CPC/quality signal for HC ASK ads.', 'Commercial answer demand benchmarks.', 'Aggregate by intent/category/market.', 10, '["answer_id", "campaign_id", "cta_type", "market_key"]'::jsonb, '["viewer_identity"]'::jsonb, 'Implement capture/aggregation policy for Sponsored HC ASK Answer Click; enforce privacy level public_aggregate and k-anonymity 10 before self-serve data products.'),
  ('direct_offer_claim', 'offers', 'Direct Offer Claim', 'private_raw', 'Offer conversion and billing.', 'Offer response benchmarks by category/market.', 'Aggregate claimed offers; no purchaser identity in data products.', 10, '["offer_id", "campaign_id", "market_key", "occurred_at"]'::jsonb, '["buyer_identity"]'::jsonb, 'Implement capture/aggregation policy for Direct Offer Claim; enforce privacy level private_raw and k-anonymity 10 before self-serve data products.'),
  ('clip_view', 'media', 'Breakout Clip View', 'public_aggregate', 'Video distribution optimization and sponsor proof.', 'Topic trend and sponsor category demand reports.', 'Aggregate by topic/role/market/time.', 10, '["clip_id", "topic_key", "market_key", "watch_percent"]'::jsonb, '["viewer_identity"]'::jsonb, 'Implement capture/aggregation policy for Breakout Clip View; enforce privacy level public_aggregate and k-anonymity 10 before self-serve data products.'),
  ('clip_cta_click', 'media', 'Breakout Clip CTA Click', 'public_aggregate', 'Clip sponsorship conversion signal.', 'Clip-to-category demand report.', 'Aggregate by clip/topic/category/market.', 10, '["clip_id", "cta_type", "market_key", "occurred_at"]'::jsonb, '["viewer_identity"]'::jsonb, 'Implement capture/aggregation policy for Breakout Clip CTA Click; enforce privacy level public_aggregate and k-anonymity 10 before self-serve data products.'),
  ('community_proof_view', 'community', 'Community Proof View', 'public_aggregate', 'Measure proof-stack lift under ads.', 'Trust signal benchmarks.', 'Aggregate proof performance; do not export individual comments unless public and licensed/allowed.', 10, '["proof_id", "campaign_id", "surface_key"]'::jsonb, '["private_message_content"]'::jsonb, 'Implement capture/aggregation policy for Community Proof View; enforce privacy level public_aggregate and k-anonymity 10 before self-serve data products.'),
  ('hide_report', 'trust_safety', 'Hide or Report Ad', 'restricted_sensitive', 'Quality/safety suppression and sponsor trust score.', 'Only aggregate ad annoyance/safety rates internally; no public data product unless sanitized.', 25, '["event_id", "reason_code", "campaign_id", "surface_key"]'::jsonb, '["reporter_identity", "freeform_sensitive_text"]'::jsonb, '[]'::jsonb, 'Implement capture/aggregation policy for Hide or Report Ad; enforce privacy level restricted_sensitive and k-anonymity [''event_id'', ''reason_code'', ''campaign_id'', ''surface_key''] before self-serve data products.'),
  ('sponsor_renewal', 'revenue', 'Sponsor Renewal', 'public_aggregate', 'Revenue forecasting and proof packet effectiveness.', 'Sponsor renewal benchmarks.', 'Aggregate revenue/renewal rates by category/market/package.', 5, '["account_id", "product_family", "market_key", "renewal_amount_cents"]'::jsonb, '["customer_contract_details"]'::jsonb, 'Implement capture/aggregation policy for Sponsor Renewal; enforce privacy level public_aggregate and k-anonymity 5 before self-serve data products.'),
  ('data_product_export', 'data', 'Data Product Export', 'private_raw', 'Data monetization usage/billing.', 'Product usage analytics internally only.', 'Do not resell customer-level data product consumption logs.', 10, '["export_job_id", "product_key", "account_id", "occurred_at"]'::jsonb, '["buyer_identity_export"]'::jsonb, 'Implement capture/aggregation policy for Data Product Export; enforce privacy level private_raw and k-anonymity 10 before self-serve data products.')
on conflict (event_key) do update set event_family=excluded.event_family, event_name=excluded.event_name, privacy_level=excluded.privacy_level, revenue_use=excluded.revenue_use, data_product_use=excluded.data_product_use, aggregation_rule=excluded.aggregation_rule, minimum_k_anonymity=excluded.minimum_k_anonymity, required_fields=excluded.required_fields, prohibited_fields=excluded.prohibited_fields, codex_directive=excluded.codex_directive;

insert into hc_build.platform_inspiration_specs (inspiration_key, platform_name, pattern_name, current_signal, haul_command_adaptation, do_not_copy, codex_translation, source_urls, priority) values
  ('google_ai_search_ads', 'Google Ads/Search', 'Ads in AI Overviews and AI Mode', 'Google Marketing Live 2025 announced ads expanding in AI Overviews to desktop and ads coming to AI Mode.', 'Create Sponsored HC ASK Answers with clear labels, organic answer preservation, verified providers, call/quote CTAs, and event capture.', 'Do not create generic web-wide search ads; keep inventory inside HC ASK/directory/search surfaces.', '{"features": ["sponsored_hc_ask_answers", "direct_offers", "smart_slot_assembly"], "required_labels": ["Sponsored", "Verified where applicable"]}'::jsonb, '["https://blog.google/products/ads-commerce/google-marketing-live-2025/"]'::jsonb, 100),
  ('google_call_assets', 'Google Ads', 'Call assets and call reporting', 'Google call assets add phone numbers, tap/click-to-call, business-hour scheduling, forwarding/reporting, and call conversion measurement.', 'Build Heavy Haul Call Ads, qualified call billing, missed-call recovery, and call proof packets with heavy-haul route/category context.', 'Do not expose raw caller data as a sellable data product; obey recording/consent laws.', '{"events": ["call_tap", "call_connected", "qualified_call", "missed_call"], "features": ["heavy_haul_call_ads", "qualified_call_leads"]}'::jsonb, '["https://support.google.com/google-ads/answer/2453991?hl=en"]'::jsonb, 100),
  ('google_ai_max_smart_bidding', 'Google Ads', 'AI Max and Smart Bidding Exploration', 'Google positioned AI Max and Smart Bidding Exploration as ways to find untapped, less obvious, high-performing search opportunities.', 'Build Similar Market Expansion and Smart Slot Assembly to find overlooked heavy-haul markets/categories/corridors before competitors.', 'Do not make opaque black-box bidding without reason codes; HC must explain market recommendations.', '{"features": ["similar_market_expansion", "weekly_adgrid_retro", "creative_pattern_library"]}'::jsonb, '["https://blog.google/products/ads-commerce/google-marketing-live-2025/"]'::jsonb, 94),
  ('reddit_community_intelligence', 'Reddit', 'Community Intelligence and Conversation Summary Add-ons', 'Reddit announced ad tools using Community Intelligence and positive posts under ads, turning conversations into structured marketing insight.', 'Build Heavy Haul Community Intelligence and Sponsor Proof Stack using HC threads, reviews, Q&A, clips, and verified proof.', 'Do not scrape/private-message communities or fabricate social proof; only safe, moderated, allowed proof.', '{"features": ["community_proof_stack", "community_intelligence"], "proof_types": ["reviews", "helpful answers", "verified badges", "completed jobs"]}'::jsonb, '["https://www.theverge.com/news/687604/reddit-positive-posts-ads-conversation-summary-add-ons-cannes-lions"]'::jsonb, 93),
  ('meta_ai_ad_automation', 'Meta/Facebook/Instagram', 'AI-powered ad creation and targeting automation', 'Reporting says Meta is moving toward AI systems that generate full campaigns from product image/budget and personalize ads across its apps.', 'Build self-serve AI Campaign Builder for heavy-haul sponsors; require approval and brand-safety controls.', 'Do not allow uncontrolled AI creative drift or invisible settings that auto-change sponsor ads.', '{"features": ["ai_campaign_builder", "media_factory_rendering_stack"], "guardrails": ["review before launch", "brand safety checks", "reason codes"]}'::jsonb, '["https://www.reuters.com/business/media-telecom/meta-aims-fully-automate-advertising-with-ai-by-2026-wsj-reports-2025-06-02/"]'::jsonb, 90),
  ('yellow_pages_local_category', 'Yellow Pages / Yelp / Local directories', 'Category + location + phone monetization', 'Local directory economics are still built on category/location intent, phone calls, sponsored listings, and pay-per-call style value.', 'Build Yellow Pages 100X: category-location pages, call ads, sponsor slots, category scarcity indexes, and local proof.', 'Do not become generic local listings; specialize in heavy haul roles, corridors, permits, escorts, route support, and 120-country readiness.', '{"features": ["category_location_engine", "heavy_haul_call_ads"]}'::jsonb, '[]'::jsonb, 88),
  ('motion_creative_intelligence', 'Motion', 'Creative performance intelligence and weekly retros', 'Motion-style workflow connects creative asset, performance, tags, patterns, and next actions.', 'AdGrid Motion Intelligence should score internal ads, house ads, clips, sponsor packages, and market patterns.', 'Do not make this DTC-only creative analytics; it must include directory/load/community/data signals.', '{"features": ["creative_pattern_library", "weekly_adgrid_retro", "sponsor_proof_packets_all_products"]}'::jsonb, '["https://motionapp.com/"]'::jsonb, 87),
  ('breakout_clips_to_inventory', 'Breakout Clips / Short-form content systems', 'Clips as assets, ads, proof, and signals', 'Breakout clips can become recurring clip series, sponsor cards, retargeting audiences, SEO pages, training modules, and trend signals.', 'Make every clip a ledgered, sponsorable, AdGrid-measured, data-product-feeding asset.', 'Do not treat clips as vanity content without routing/CTA/proof/data capture.', '{"features": ["breakout_clip_asset_ledger", "media_factory_rendering_stack"]}'::jsonb, '[]'::jsonb, 86)
on conflict (inspiration_key) do update set platform_name=excluded.platform_name, pattern_name=excluded.pattern_name, current_signal=excluded.current_signal, haul_command_adaptation=excluded.haul_command_adaptation, do_not_copy=excluded.do_not_copy, codex_translation=excluded.codex_translation, source_urls=excluded.source_urls, priority=excluded.priority;

insert into hc_build.data_product_blueprints (data_product_key, product_name, product_family, priority, launch_phase, buyer_personas, input_signals, output_formats, pricing_model, privacy_gate, self_serve_requirements, codex_directive, acceptance_criteria) values
  ('country_readiness_120', '120-Country Heavy Haul Readiness Index', 'country_readiness', 100, 'phase_1', '["sponsors", "brokers", "equipment suppliers", "investors", "operators"]'::jsonb, '["country coverage", "directory supply", "adgrid demand", "route/corridor intel", "regulatory freshness"]'::jsonb, '["dashboard", "csv", "api", "pdf later"]'::jsonb, '{"api": "monthly tier by countries/categories", "one_time": "$499-$4999"}'::jsonb, 'aggregate/legal-gated only', '["catalog preview", "confidence score", "country filters", "export job", "API key"]'::jsonb, 'Build self-serve readiness index using existing country readiness/data monetization views and AdGrid signals.', '["Shows coverage/confidence/freshness", "Obeys privacy/legal gate", "Can be previewed before purchase", "Can be exported or accessed through entitlement/API where eligible"]'::jsonb),
  ('sponsor_opportunity_heatmap', 'Sponsor Opportunity Heatmap', 'sponsor_intel', 100, 'phase_1', '["sponsors", "sales team", "partners"]'::jsonb, '["ad impressions", "clicks", "calls", "claims", "supply gaps", "category demand"]'::jsonb, '["dashboard", "csv", "api"]'::jsonb, '{"bundle": "sponsor upsell", "monthly": "$199-$1999"}'::jsonb, 'aggregate market/category only', '["category filter", "market filter", "recommended package", "proof preview"]'::jsonb, 'Show where a sponsor should buy next and where HC should raise floors.', '["Shows coverage/confidence/freshness", "Obeys privacy/legal gate", "Can be previewed before purchase", "Can be exported or accessed through entitlement/API where eligible"]'::jsonb),
  ('call_intent_index', 'Heavy Haul Call Intent Index', 'call_intel', 99, 'phase_1', '["mobile mechanics", "permit services", "pilot car companies", "insurance", "radio installers"]'::jsonb, '["call taps", "connected calls", "qualified calls", "missed calls", "business-hour gaps"]'::jsonb, '["dashboard", "csv", "api"]'::jsonb, '{"api": "monthly", "per_report": "$299-$2499"}'::jsonb, 'aggregate only; no caller identity or recordings', '["market/category filters", "qualified-call rate", "missed-call gap"]'::jsonb, 'Create call demand data product from Heavy Haul Call Ads.', '["Shows coverage/confidence/freshness", "Obeys privacy/legal gate", "Can be previewed before purchase", "Can be exported or accessed through entitlement/API where eligible"]'::jsonb),
  ('corridor_demand_heatmap', 'Corridor Demand Heatmap', 'corridor_intel', 97, 'phase_1', '["brokers", "sponsors", "permit services", "route surveyors"]'::jsonb, '["corridor page views", "route intel", "calls", "loads", "support service needs"]'::jsonb, '["map", "csv", "api"]'::jsonb, '{"api": "monthly", "per_corridor_bundle": "$999+"}'::jsonb, 'aggregate corridor/time/category only', '["corridor filter", "support category", "scarcity overlay"]'::jsonb, 'Package corridor demand for route support monetization.', '["Shows coverage/confidence/freshness", "Obeys privacy/legal gate", "Can be previewed before purchase", "Can be exported or accessed through entitlement/API where eligible"]'::jsonb),
  ('category_scarcity_index', 'Heavy Haul Category Scarcity Index', 'category_intel', 96, 'phase_1', '["sponsors", "operators", "market entrants"]'::jsonb, '["directory supply", "search demand", "calls", "claims", "reviews", "coverage gaps"]'::jsonb, '["dashboard", "csv", "api"]'::jsonb, '{"report": "$499-$2999"}'::jsonb, 'aggregate; no raw contacts', '["category/location matrix", "scarcity score", "confidence/freshness"]'::jsonb, 'Rank undersupplied categories and sell sponsor/category expansion.', '["Shows coverage/confidence/freshness", "Obeys privacy/legal gate", "Can be previewed before purchase", "Can be exported or accessed through entitlement/API where eligible"]'::jsonb),
  ('adgrid_roi_benchmarks', 'AdGrid ROI Benchmarks', 'ad_benchmarks', 95, 'phase_1', '["advertisers", "sales", "partners"]'::jsonb, '["impressions", "clicks", "leads", "calls", "renewals", "spend"]'::jsonb, '["dashboard", "csv"]'::jsonb, '{"included_with_sponsor": "premium", "standalone": "$499+"}'::jsonb, 'sponsor anonymized/aggregated', '["benchmark by category", "benchmark by surface", "proof packet tie-in"]'::jsonb, 'Aggregate ad performance to prove HC AdGrid superiority.', '["Shows coverage/confidence/freshness", "Obeys privacy/legal gate", "Can be previewed before purchase", "Can be exported or accessed through entitlement/API where eligible"]'::jsonb),
  ('breakout_clip_trend_report', 'Breakout Clip Trend Report', 'media_intel', 88, 'phase_2', '["sponsors", "content team", "data buyers"]'::jsonb, '["clip views", "watch percent", "topic tags", "CTA clicks", "sponsor inquiries"]'::jsonb, '["dashboard", "newsletter", "csv"]'::jsonb, '{"monthly": "$199-$999"}'::jsonb, 'aggregate only', '["topic trends", "sponsor category alerts", "market clone recommendations"]'::jsonb, 'Turn content engagement into a data product and sponsor pitch machine.', '["Shows coverage/confidence/freshness", "Obeys privacy/legal gate", "Can be previewed before purchase", "Can be exported or accessed through entitlement/API where eligible"]'::jsonb),
  ('community_pain_point_atlas', 'Heavy Haul Community Pain Point Atlas', 'community_intel', 87, 'phase_2', '["sponsors", "product", "partners"]'::jsonb, '["threads", "reviews", "Q&A", "reports", "comments", "support requests"]'::jsonb, '["dashboard", "brief", "api later"]'::jsonb, '{"monthly": "$499+"}'::jsonb, 'moderated aggregate; no private messages', '["topic clustering", "sentiment", "sponsor opportunities"]'::jsonb, 'Package what the ecosystem is complaining about and asking for.', '["Shows coverage/confidence/freshness", "Obeys privacy/legal gate", "Can be previewed before purchase", "Can be exported or accessed through entitlement/API where eligible"]'::jsonb),
  ('competitor_gap_report', 'Competitor Gap / Displacement Report', 'competitor_intel', 86, 'phase_2', '["sales", "strategy", "sponsors"]'::jsonb, '["public ads", "search pages", "directory coverage", "offer gaps"]'::jsonb, '["dashboard", "brief"]'::jsonb, '{"external": "premium report", "internal_first": "sales enablement"}'::jsonb, 'public/legal data only', '["competitor family", "gap score", "countermove"]'::jsonb, 'Identify where Google/Reddit/Facebook/directories/freight boards are weak.', '["Shows coverage/confidence/freshness", "Obeys privacy/legal gate", "Can be previewed before purchase", "Can be exported or accessed through entitlement/API where eligible"]'::jsonb),
  ('market_price_floor_recommendations', 'AdGrid Market Price Floor Recommendations', 'pricing_intel', 94, 'phase_1', '["ad ops", "sales", "sponsor admins"]'::jsonb, '["inventory fill", "CTR", "call demand", "supply scarcity", "sponsor competition"]'::jsonb, '["dashboard", "internal API"]'::jsonb, '{"internal": "raise floor/revenue"}'::jsonb, 'internal aggregates only', '["floor recommendation", "reason code", "confidence"]'::jsonb, 'Raise AdGrid prices in hot markets before underpricing leaves money on the table.', '["Shows coverage/confidence/freshness", "Obeys privacy/legal gate", "Can be previewed before purchase", "Can be exported or accessed through entitlement/API where eligible"]'::jsonb),
  ('route_support_demand_feed', 'Route Support Demand Feed', 'routeintel', 86, 'phase_2', '["mobile repair", "parking", "permit services", "route surveyors"]'::jsonb, '["route pages", "calls", "quote requests", "hazard reports", "corridor demand"]'::jsonb, '["api", "csv", "dashboard"]'::jsonb, '{"api": "monthly by countries/corridors"}'::jsonb, 'aggregate route/corridor only', '["corridor", "support category", "urgency"]'::jsonb, 'Sell operational demand intelligence for support services.', '["Shows coverage/confidence/freshness", "Obeys privacy/legal gate", "Can be previewed before purchase", "Can be exported or accessed through entitlement/API where eligible"]'::jsonb),
  ('market_launch_packet', 'Country/Market Launch Packet', 'market_entry', 84, 'phase_2', '["new sponsors", "international partners", "investors"]'::jsonb, '["readiness", "supply gaps", "demand", "competitors", "legal gate", "adgrid inventory"]'::jsonb, '["pdf later", "dashboard", "csv"]'::jsonb, '{"packet": "$999-$9999"}'::jsonb, 'aggregate/provenance labeled', '["market summary", "sponsor opportunities", "category gaps"]'::jsonb, 'Package launch plans for new countries and categories.', '["Shows coverage/confidence/freshness", "Obeys privacy/legal gate", "Can be previewed before purchase", "Can be exported or accessed through entitlement/API where eligible"]'::jsonb)
on conflict (data_product_key) do update set product_name=excluded.product_name, product_family=excluded.product_family, priority=excluded.priority, launch_phase=excluded.launch_phase, buyer_personas=excluded.buyer_personas, input_signals=excluded.input_signals, output_formats=excluded.output_formats, pricing_model=excluded.pricing_model, privacy_gate=excluded.privacy_gate, self_serve_requirements=excluded.self_serve_requirements, codex_directive=excluded.codex_directive, acceptance_criteria=excluded.acceptance_criteria;

insert into hc_build.media_factory_blueprints (media_asset_key, asset_name, production_engine, priority, feeds_adgrid, feeds_data_products, asset_spec, adgrid_usage, data_signal_usage, codex_directive, acceptance_criteria) values
  ('sponsor_stat_card', 'Animated Sponsor Stat Card', 'hyperframes', 90, true, true, '{"duration_seconds": [6, 12], "format": "short animated card", "inputs": ["market", "category", "metric", "sponsor", "CTA"]}'::jsonb, '["house ads", "sponsor proof", "direct offers", "newsletter"]'::jsonb, '["market pulse snippets", "report previews"]'::jsonb, 'Create template contract for HyperFrames stat cards that can render sponsor/data-product proof visuals.', '["Accepts structured JSON input", "Outputs asset URL/ref", "Stores provenance/template version"]'::jsonb),
  ('weekly_market_report_video', 'Weekly Market Report Video', 'remotion', 86, true, true, '{"duration_seconds": [30, 120], "format": "recurring report video", "inputs": ["top markets", "demand signals", "sponsor opportunities", "data product previews"]}'::jsonb, '["admin retro", "sponsor dashboard", "newsletter"]'::jsonb, '["authority reports", "data product marketing"]'::jsonb, 'Create Remotion template spec for recurring market reports.', '["Uses structured report payload", "Can localize by country/category", "Links to data product purchase"]'::jsonb),
  ('breakout_clip_sponsor_card', 'Breakout Clip Sponsor Card', 'mixed', 92, true, true, '{"duration_seconds": [3, 8], "format": "pre/mid/post clip sponsor card", "inputs": ["sponsor", "offer", "market", "CTA", "proof"]}'::jsonb, '["clip sponsorship", "retargeting seed", "native ad"]'::jsonb, '["clip topic demand", "sponsor category alert"]'::jsonb, 'Define sponsor card insertion and measurement spec for breakout clips.', '["Card has sponsor label", "CTA tracked", "Performance feeds proof packet"]'::jsonb),
  ('sponsor_explainer_talking_head', 'Sponsor Explainer Talking Head', 'heygen_minimal', 60, true, false, '{"format": "talking head intro", "use_only_when": "trust or onboarding requires human-like explanation"}'::jsonb, '["premium sponsor page", "training intro", "partner onboarding"]'::jsonb, '[]'::jsonb, 'Keep HeyGen usage limited and explicitly approved for trust-heavy moments.', '["Requires admin approval", "Not default for scale assets", "Clearly stores generation engine"]'::jsonb),
  ('data_product_preview_clip', 'Data Product Preview Clip', 'hyperframes', 82, true, true, '{"format": "animated preview of report findings", "inputs": ["report name", "sample insight", "coverage", "CTA"]}'::jsonb, '["data portal upsell", "newsletter", "retargeting"]'::jsonb, '["data product marketing conversion"]'::jsonb, 'Render short visual previews for data products without exposing restricted data.', '["Uses sample/aggregate data only", "Has purchase CTA", "Tracks view/click"]'::jsonb)
on conflict (media_asset_key) do update set asset_name=excluded.asset_name, production_engine=excluded.production_engine, priority=excluded.priority, feeds_adgrid=excluded.feeds_adgrid, feeds_data_products=excluded.feeds_data_products, asset_spec=excluded.asset_spec, adgrid_usage=excluded.adgrid_usage, data_signal_usage=excluded.data_signal_usage, codex_directive=excluded.codex_directive, acceptance_criteria=excluded.acceptance_criteria;

insert into hc_build.competitor_displacement_targets (target_key, competitor_family, competitor_name, what_they_win, what_they_lack, haul_command_countermove, moats_to_build, signals_to_monitor, products_to_launch, priority, codex_directive) values
  ('google_ads_search', 'search_ads', 'Google Ads / Google Search', 'Owns broad commercial search intent, local call extensions, AI search discovery.', 'Does not know heavy-haul operational context, provider trust, load/corridor needs, or niche support gaps.', 'Own HC ASK sponsored answers, directory/category/location pages, call ads, quality score, and route/corridor intent.', '["internal heavy-haul intent graph", "verified provider trust", "call quality", "corridor/category data products"]'::jsonb, '["AI Mode ads", "AI Overviews ad formats", "call assets", "local service ad categories"]'::jsonb, '["sponsored_hc_ask_answers", "heavy_haul_call_ads", "category_location_engine"]'::jsonb, 100, 'Build public/legal monitoring and HC countermove recommendations for this competitor family.'),
  ('reddit_community', 'community_ads', 'Reddit', 'Owns authentic conversations and community proof.', 'Not purpose-built for transaction-ready heavy haul search, verified providers, or call/quote routing.', 'Build HC Community Intelligence, proof stack ads, sponsored expert answers, and AMA-to-clips-to-data loops.', '["verified industry proof", "moderated expert sessions", "thread-native transaction CTAs"]'::jsonb, '["community sentiment", "positive proof under ads", "AMA sponsorships"]'::jsonb, '["community_proof_stack", "community_intelligence", "breakout_clip_asset_ledger"]'::jsonb, 94, 'Build public/legal monitoring and HC countermove recommendations for this competitor family.'),
  ('meta_facebook_groups', 'social_ads', 'Facebook / Meta / Groups', 'Owns attention, retargeting, groups, click-to-message behavior, and AI ad automation.', 'Groups are fragmented, noisy, not structured into data products, and weak at verified directory intent.', 'Use Facebook only for retargeting/recovery; build AI Campaign Builder and HC-owned community/directory loops.', '["first-party directory intent", "structured category/location graph", "quality score", "proof packets"]'::jsonb, '["AI campaign automation", "click-to-message patterns", "group lead behavior"]'::jsonb, '["ai_campaign_builder", "retargeting_recovery_audiences"]'::jsonb, 90, 'Build public/legal monitoring and HC countermove recommendations for this competitor family.'),
  ('yellow_pages_yelp', 'local_directories', 'Yellow Pages / Yelp / Local Directories', 'Own local category/location search, sponsored profiles, reviews, and phone lead economics.', 'Too generic; lacks oversize/heavy-haul roles, corridors, permits, escort details, and international readiness.', 'Build Yellow Pages 100X for heavy haul: category/location/corridor pages plus call ads and scarcity data.', '["120-country category/location/corridor graph", "route support taxonomy", "heavy-haul trust signals"]'::jsonb, '["sponsored listings", "pay-per-call", "profile upgrades"]'::jsonb, '["category_location_engine", "heavy_haul_call_ads"]'::jsonb, 88, 'Build public/legal monitoring and HC countermove recommendations for this competitor family.'),
  ('freight_boards', 'freight_marketplaces', 'DAT / Truckstop / Load Boards', 'Own broker/carrier load-matching attention and freight analytics.', 'Do not own full support ecosystem: pilot cars, permits, route surveyors, parking, repair, training, sponsor media, and community proof.', 'Position HC as the support layer around heavy haul loads and sell support demand intelligence.', '["support-service ecosystem data", "route/corridor support gaps", "directory + load intent"]'::jsonb, '["lane intelligence", "market benchmarks", "load demand"]'::jsonb, '["route_support_demand_feed", "corridor_demand_heatmap"]'::jsonb, 87, 'Build public/legal monitoring and HC countermove recommendations for this competitor family.'),
  ('niche_directories', 'niche_heavy_haul_sites', 'Pilot car / permit / oversize directories', 'Own small pockets of niche SEO and provider lists.', 'Fragmented, stale, often no ad tech, weak data products, no 120-country system.', 'Outbuild with freshness, proof, call ads, category scarcity, and sponsor dashboards.', '["freshness/provenance", "verified trust", "self-serve sponsor + data products"]'::jsonb, '["service categories", "quote flows", "directory SEO"]'::jsonb, '["category_location_engine", "sponsor_proof_packets_all_products"]'::jsonb, 86, 'Build public/legal monitoring and HC countermove recommendations for this competitor family.'),
  ('ai_ad_tools', 'ad_intelligence_tools', 'Motion / Omneky / Creatify / AdCreative.ai', 'Own creative generation, testing, and creative analytics.', 'Generic across industries; do not own heavy-haul inventory, calls, directory, or market data.', 'Use their workflows as inspiration but build HC-native creative intelligence and media factory.', '["closed-loop inventory + data products", "industry context", "call/proof/quality signals"]'::jsonb, '["creative variants", "performance tags", "weekly retros", "agentic campaign creation"]'::jsonb, '["creative_pattern_library", "media_factory_rendering_stack", "weekly_adgrid_retro"]'::jsonb, 84, 'Build public/legal monitoring and HC countermove recommendations for this competitor family.')
on conflict (target_key) do update set competitor_family=excluded.competitor_family, competitor_name=excluded.competitor_name, what_they_win=excluded.what_they_win, what_they_lack=excluded.what_they_lack, haul_command_countermove=excluded.haul_command_countermove, moats_to_build=excluded.moats_to_build, signals_to_monitor=excluded.signals_to_monitor, products_to_launch=excluded.products_to_launch, priority=excluded.priority, codex_directive=excluded.codex_directive;

insert into hc_build.missing_money_radar (opportunity_key, opportunity_name, product_area, priority, revenue_lever, current_gap, aggressive_move, required_signals, expected_outputs, codex_directive, acceptance_criteria) values
  ('qualified_call_ads', 'Qualified Call Ads', 'adgrid', 100, 'Pay-per-qualified-call and urgent call packages', 'Clicks are weaker than real phone demand for many service categories.', 'Launch call-first AdGrid products with qualified-call billing and missed-call recovery.', '["call_tap", "call_connected", "duration", "business_hours", "outcome"]'::jsonb, '["call sponsor packages", "call intent data product", "proof packet"]'::jsonb, 'Implement Heavy Haul Call Ads first because service providers buy calls, not vanity clicks.', '["Has measurable event loop", "Has sponsor/data monetization path", "Has admin next action"]'::jsonb),
  ('unsold_inventory_house_ads', 'Unsold Inventory House-Ad Optimization', 'adgrid_growth', 98, 'Turn unsold slots into claims, upgrades, data sales, and sponsor pitches.', 'Unsold inventory can become dead space if treated as filler.', 'Rotate house ads by goal and optimize them like paid campaigns.', '["slot_empty", "surface_context", "house_ad_impression", "claim/signup/purchase"]'::jsonb, '["claim ads", "data product ads", "sponsor this market ads", "lead unlock ads"]'::jsonb, 'Build house-ad optimizer and make unsold inventory revenue-seeking.', '["Has measurable event loop", "Has sponsor/data monetization path", "Has admin next action"]'::jsonb),
  ('sponsor_proof_renewals', 'Sponsor Proof → Renewal Engine', 'adgrid_sales', 96, 'Renewals and upsells from proof packets.', 'Sponsors churn if they cannot see value.', 'Generate proof packets and next-buy recommendations automatically.', '["impressions", "clicks", "calls", "leads", "profile_views", "market_gap"]'::jsonb, '["proof packet", "next market upsell", "renewal score"]'::jsonb, 'Make proof packets universal and visible in sponsor dashboard.', '["Has measurable event loop", "Has sponsor/data monetization path", "Has admin next action"]'::jsonb),
  ('hc_ask_commercial_answers', 'HC ASK Commercial Intent Slots', 'search_ai', 95, 'Sponsored answer slots at moment of need.', 'AI search can answer heavy-haul questions without monetization if not structured now.', 'Add clearly labeled sponsor cards to commercial answers.', '["query_intent", "answer_view", "sponsor_click", "call_tap"]'::jsonb, '["sponsored answer product", "AI-search demand data"]'::jsonb, 'Build answer inventory before Google dominates AI search behavior.', '["Has measurable event loop", "Has sponsor/data monetization path", "Has admin next action"]'::jsonb),
  ('direct_offers', 'Direct Offers at Intent Moment', 'offers', 92, 'Offer claims, sponsor purchases, claim upgrades, and partner sales.', 'Sponsors need actionable offers, not just banners.', 'Allow market/category/time-bound direct offers with transparent terms.', '["offer_view", "offer_click", "offer_claim"]'::jsonb, '["offer benchmarks", "sponsor sales"]'::jsonb, 'Create direct offer object and eligible surfaces.', '["Has measurable event loop", "Has sponsor/data monetization path", "Has admin next action"]'::jsonb),
  ('category_exclusivity', 'Category/Location Exclusivity', 'directory_adgrid', 91, 'Premium exclusive sponsor packages by category/market.', 'High-value categories may be underpriced without scarcity packaging.', 'Sell limited exclusive or semi-exclusive sponsor slots with proof and fairness rules.', '["category_demand", "market_supply", "slot_inventory", "sponsor_competition"]'::jsonb, '["exclusive sponsor slots", "floor price recommendations"]'::jsonb, 'Build scarcity pricing and exclusivity guardrails.', '["Has measurable event loop", "Has sponsor/data monetization path", "Has admin next action"]'::jsonb),
  ('data_preview_to_checkout', 'Data Product Preview → Checkout Recovery', 'data_monetization', 90, 'Convert data-product previews into purchases/API subscriptions.', 'People may preview reports and leave without buying.', 'Track preview intent and retarget/recover inside/outside HC.', '["data_preview", "preview_depth", "checkout_abandon"]'::jsonb, '["retargeting audience", "sales alert", "bundle offer"]'::jsonb, 'Connect data previews to checkout and retargeting recovery.', '["Has measurable event loop", "Has sponsor/data monetization path", "Has admin next action"]'::jsonb),
  ('breakout_clip_sponsorships', 'Breakout Clip Sponsorship Packages', 'media_adgrid', 89, 'Sell clip families and topic sponsorships.', 'Clips can become vanity content if not monetized.', 'Make every clip taggable, sponsorable, and tied to directory/data outcomes.', '["clip_view", "topic", "cta_click", "sponsor_click"]'::jsonb, '["clip sponsorship", "topic demand data"]'::jsonb, 'Create clip sponsorship products and proof packet integration.', '["Has measurable event loop", "Has sponsor/data monetization path", "Has admin next action"]'::jsonb),
  ('similar_market_upsells', 'Similar Market Upsells', 'growth_intelligence', 87, 'Clone sponsor wins into similar markets.', 'A sponsor winning in one state/country may not know where to expand next.', 'Recommend similar markets with confidence and one-click campaign clone draft.', '["campaign_performance", "market_similarity", "category_demand"]'::jsonb, '["upsell recommendations", "clone campaign drafts"]'::jsonb, 'Build similar market expansion engine.', '["Has measurable event loop", "Has sponsor/data monetization path", "Has admin next action"]'::jsonb),
  ('partner_supply_packages', 'Verified Partner Sponsor Supply', 'partners_adgrid', 84, 'Turn partners into sponsor inventory and marketplace supply.', 'Partners may exist without being packaged into AdGrid/data products.', 'Map partner types into category/location packages and proof badges.', '["partner_verified", "category_supply", "market_gap"]'::jsonb, '["partner marketplace packages", "supply coverage data"]'::jsonb, 'Connect partner program to AdGrid inventory and data coverage.', '["Has measurable event loop", "Has sponsor/data monetization path", "Has admin next action"]'::jsonb),
  ('competitor_gap_pitches', 'Competitor Gap Sales Pitches', 'growth_sales', 83, 'Use competitor gaps to close sponsors.', 'Sales may not know why HC beats Google/Yelp/Facebook/niche directories in a category.', 'Generate pitch cards from competitor displacement map.', '["competitor_gap", "market_demand", "sponsor_fit"]'::jsonb, '["sales cards", "counter-positioning"]'::jsonb, 'Build sales-ready competitor displacement cards.', '["Has measurable event loop", "Has sponsor/data monetization path", "Has admin next action"]'::jsonb)
on conflict (opportunity_key) do update set opportunity_name=excluded.opportunity_name, product_area=excluded.product_area, priority=excluded.priority, revenue_lever=excluded.revenue_lever, current_gap=excluded.current_gap, aggressive_move=excluded.aggressive_move, required_signals=excluded.required_signals, expected_outputs=excluded.expected_outputs, codex_directive=excluded.codex_directive, acceptance_criteria=excluded.acceptance_criteria;

insert into hc_build.proof_packet_blueprints (proof_packet_key, packet_name, sponsor_product_family, priority, included_metrics, included_visuals, renewal_recommendations, data_monetization_secondary_use, codex_directive, acceptance_criteria) values
  ('call_ad_proof', 'Call Ad Proof Packet', 'call_ads', 100, '["call taps", "connected calls", "qualified calls", "missed calls", "average duration", "answer rate", "market/category rank"]'::jsonb, '["placement previews", "call funnel chart", "missed-call recovery list"]'::jsonb, '["increase budget in high-quality markets", "fix answer-rate gap", "buy exclusive call package"]'::jsonb, 'Aggregated call-intent benchmarks by category/market.', 'Build proof packet generation for this product family with truthful metrics and next-buy recommendations.', '["Can render in sponsor dashboard", "Has downloadable/exportable data later", "Includes next recommended buy", "Obeys privacy rules"]'::jsonb),
  ('directory_sponsor_proof', 'Directory Sponsor Proof Packet', 'directory_sponsors', 96, '["impressions", "profile views", "clicks", "calls", "lead forms", "claim assists", "category rank"]'::jsonb, '["directory screenshots", "category position preview", "market map"]'::jsonb, '["buy adjacent cities", "add call ad", "upgrade proof stack"]'::jsonb, 'Directory demand/category benchmarks.', 'Build proof packet generation for this product family with truthful metrics and next-buy recommendations.', '["Can render in sponsor dashboard", "Has downloadable/exportable data later", "Includes next recommended buy", "Obeys privacy rules"]'::jsonb),
  ('hc_ask_proof', 'Sponsored HC ASK Proof Packet', 'sponsored_answers', 95, '["answer views", "sponsor card views", "clicks", "calls", "quote requests", "hide/report rate", "intent categories"]'::jsonb, '["answer screenshots", "question intent chart", "CTA breakdown"]'::jsonb, '["sponsor related intents", "add direct offer", "expand to similar markets"]'::jsonb, 'AI-search intent atlas.', 'Build proof packet generation for this product family with truthful metrics and next-buy recommendations.', '["Can render in sponsor dashboard", "Has downloadable/exportable data later", "Includes next recommended buy", "Obeys privacy rules"]'::jsonb),
  ('clip_sponsor_proof', 'Breakout Clip Sponsor Proof Packet', 'clip_sponsorships', 90, '["views", "watch percent", "CTA clicks", "shares", "sponsor clicks", "directory traffic", "lead assists"]'::jsonb, '["clip thumbnail", "timeline card", "topic trend chart"]'::jsonb, '["sponsor clip family", "retarget viewers", "turn topic into AMA"]'::jsonb, 'Clip topic demand reports.', 'Build proof packet generation for this product family with truthful metrics and next-buy recommendations.', '["Can render in sponsor dashboard", "Has downloadable/exportable data later", "Includes next recommended buy", "Obeys privacy rules"]'::jsonb),
  ('newsletter_proof', 'Newsletter Sponsor Proof Packet', 'newsletter_ads', 80, '["sends", "opens if available", "clicks", "CTA clicks", "profile visits", "offer claims"]'::jsonb, '["newsletter slot preview", "click chart"]'::jsonb, '["repeat slot", "bundle with directory/call ads"]'::jsonb, 'Newsletter surface benchmarks.', 'Build proof packet generation for this product family with truthful metrics and next-buy recommendations.', '["Can render in sponsor dashboard", "Has downloadable/exportable data later", "Includes next recommended buy", "Obeys privacy rules"]'::jsonb),
  ('takeover_proof', 'Market Takeover Proof Packet', 'takeovers', 88, '["surface coverage", "impressions", "clicks", "calls", "category share", "competitor gap", "lead assists"]'::jsonb, '["market map", "takeover placement screenshots"]'::jsonb, '["renew takeover", "add data report", "expand to similar market"]'::jsonb, 'Market sponsor opportunity benchmarks.', 'Build proof packet generation for this product family with truthful metrics and next-buy recommendations.', '["Can render in sponsor dashboard", "Has downloadable/exportable data later", "Includes next recommended buy", "Obeys privacy rules"]'::jsonb)
on conflict (proof_packet_key) do update set packet_name=excluded.packet_name, sponsor_product_family=excluded.sponsor_product_family, priority=excluded.priority, included_metrics=excluded.included_metrics, included_visuals=excluded.included_visuals, renewal_recommendations=excluded.renewal_recommendations, data_monetization_secondary_use=excluded.data_monetization_secondary_use, codex_directive=excluded.codex_directive, acceptance_criteria=excluded.acceptance_criteria;

insert into hc_build.launch_phase_gates (gate_key, launch_phase, gate_name, product_area, priority, pass_condition, required_objects, required_metrics, failure_response, codex_directive) values
  ('adgrid_internal_boundary_gate', 'phase_1', 'AdGrid Internal Boundary Gate', 'adgrid', 100, 'All AdGrid product copy and code paths define inventory as HC-owned surfaces only; external is retargeting-only.', '["hc_build.codex_programs", "adgrid product constants"]'::jsonb, '["No external publisher inventory records"]'::jsonb, 'Block launch until copy and constants are fixed.', 'Add tests/admin warnings to prevent external-network drift.'),
  ('data_privacy_gate', 'phase_1', 'Data Product Privacy Gate', 'data_monetization', 100, 'Every data product has privacy gate, aggregation rule, k-anonymity, freshness, confidence, and provenance labels.', '["hc_build.adgrid_event_policy", "existing v_data_product_legal_gate if present"]'::jsonb, '["zero PII exports", "k threshold pass"]'::jsonb, 'Block export and show insufficient coverage/legal warning.', 'Implement gate before self-serve export/API launch.'),
  ('call_ads_gate', 'phase_1', 'Call Ads Launch Gate', 'adgrid', 98, 'Call events, business-hour schedule, qualification rule, proof packet, and legal recording gate exist.', '["call event capture", "call proof packet blueprint"]'::jsonb, '["call_tap", "qualified_call", "missed_call"]'::jsonb, 'Launch tap-to-call without recording if recording consent gate is not ready.', 'Build call ads as core launch product.'),
  ('hc_ask_sponsored_gate', 'phase_1', 'Sponsored HC ASK Gate', 'search_ai', 96, 'Sponsored label, organic answer fallback, proof stack, and hide/report events exist.', '["answer slot policy", "sponsored answer components"]'::jsonb, '["sponsored_answer_view", "sponsored_answer_click", "hide_report"]'::jsonb, 'Do not launch paid answer slots until labeling and quality controls pass.', 'Build clear sponsored answer policy.'),
  ('data_portal_gate', 'phase_1', 'Self-Serve Data Portal Gate', 'data_monetization', 95, 'Catalog, preview, checkout, entitlement, export/API route, and legal gate are wired.', '["hc_data_products", "hc_data_product_export_jobs", "hc_data_api_keys"]'::jsonb, '["preview_to_purchase", "export_job_complete"]'::jsonb, 'Launch admin-assisted sales first if checkout/export not ready.', 'Build portal around existing data spine.'),
  ('proof_packet_gate', 'phase_1', 'Proof Packet Gate', 'adgrid_sales', 90, 'Each paid product has at least one proof packet template and renewal recommendation.', '["hc_build.proof_packet_blueprints"]'::jsonb, '["proof_packet_generated", "renewal_recommendation"]'::jsonb, 'Do not sell premium packages without proof plan.', 'Wire metrics into sponsor dashboard.')
on conflict (gate_key) do update set launch_phase=excluded.launch_phase, gate_name=excluded.gate_name, product_area=excluded.product_area, priority=excluded.priority, pass_condition=excluded.pass_condition, required_objects=excluded.required_objects, required_metrics=excluded.required_metrics, failure_response=excluded.failure_response, codex_directive=excluded.codex_directive;

insert into hc_build.codex_build_tasks (task_key, feature_key, sprint, priority, task_type, task_title, action_summary, depends_on, db_objects, app_surfaces, acceptance_tests, monetization_impact, ready_for_codex, status) values
  ('task_001_scope_lock', 'adgrid_internal_scope_lock', 'phase_1', 100, 'product_contract', 'Enforce AdGrid internal-only scope', 'Add constants/copy/tests so AdGrid inventory is HC-owned only and outside activity is retargeting only.', '[]'::jsonb, '["hc_build.codex_programs"]'::jsonb, '["admin", "advertiser_dashboard"]'::jsonb, '["UI/copy never describes external publisher network", "Retargeting labeled separate from AdGrid"]'::jsonb, 'Prevents strategic drift and protects sales positioning.', true, 'open'),
  ('task_002_event_policy', 'dual_purpose_event_policy', 'phase_1', 100, 'data_architecture', 'Implement dual-purpose event policy', 'Create aggregate event adapters so events feed ad optimization and legal data products.', '["task_001_scope_lock"]'::jsonb, '["hc_build.adgrid_event_policy", "existing adgrid events"]'::jsonb, '["backend", "data_portal"]'::jsonb, '["Each event maps to privacy/revenue/data uses", "Exports enforce k-anonymity"]'::jsonb, 'Turns AdGrid into data monetization engine.', true, 'open'),
  ('task_003_call_ads', 'heavy_haul_call_ads', 'phase_1', 99, 'product_build', 'Build Heavy Haul Call Ads MVP', 'Add call asset model, call CTA rendering, business-hours schedule, call event capture, and qualified-call proof.', '["task_002_event_policy"]'::jsonb, '["call event tables/adapters", "hc_build.proof_packet_blueprints"]'::jsonb, '["directory", "hc_ask", "mobile"]'::jsonb, '["Call tap tracked", "Business hours honored", "Qualified call rule configurable", "Proof packet receives call metrics"]'::jsonb, 'Creates high-value pay-per-call revenue.', true, 'open'),
  ('task_004_data_portal_catalog', 'data_product_self_serve_portal', 'phase_1', 98, 'product_build', 'Build self-serve data product catalog', 'Use blueprints to expose searchable catalog with previews, coverage, confidence, legal gate, checkout/export/API path.', '["task_002_event_policy"]'::jsonb, '["hc_data_products", "hc_data_bundles", "hc_data_product_export_jobs", "hc_data_api_keys", "hc_build.data_product_blueprints"]'::jsonb, '["data_portal"]'::jsonb, '["Preview works", "Legal gate blocks unsafe data", "Purchase/export path defined"]'::jsonb, 'Launches one of first-three products.', true, 'open'),
  ('task_005_hc_ask_sponsored', 'sponsored_hc_ask_answers', 'phase_1', 98, 'product_build', 'Build Sponsored HC ASK Answer slots', 'Add answer-slot policy, sponsor matching, label, proof block, call/quote CTA, and event logging.', '["task_001_scope_lock", "task_002_event_policy"]'::jsonb, '["hc_build.adgrid_surface_taxonomy", "hc_build.adgrid_event_policy"]'::jsonb, '["hc_ask", "search"]'::jsonb, '["Sponsored label visible", "Organic answer preserved", "Events captured", "Hide/report available"]'::jsonb, 'Captures AI-search commercial intent before Google owns it.', true, 'open'),
  ('task_006_quality_score', 'heavy_haul_quality_score', 'phase_1', 97, 'ranking_trust', 'Build Heavy Haul Ad Quality Score', 'Create quality score adapter using verification, reviews, response, relevance, complaints, and market fit.', '["task_002_event_policy"]'::jsonb, '["provider/trust/review tables", "adgrid campaigns"]'::jsonb, '["slot_assembly", "sponsor_dashboard"]'::jsonb, '["Poor sponsor suppressed", "Reason codes generated", "Score feeds proof/eligibility"]'::jsonb, 'Protects trust and improves ad performance.', true, 'open'),
  ('task_007_proof_packets', 'sponsor_proof_packets_all_products', 'phase_1', 96, 'reporting', 'Build universal sponsor proof packet engine', 'Generate proof packets for call ads, directory sponsors, HC ASK, clips, newsletters, and takeovers.', '["task_003_call_ads", "task_005_hc_ask_sponsored"]'::jsonb, '["hc_build.proof_packet_blueprints"]'::jsonb, '["sponsor_dashboard", "admin"]'::jsonb, '["Packet exists per product family", "Next-buy recommendation shown", "Metrics truthful/aggregate"]'::jsonb, 'Improves renewals and upsells.', true, 'open'),
  ('task_008_house_ads', 'smart_slot_assembly', 'phase_1', 95, 'growth', 'Optimize unsold inventory with house ads', 'When paid sponsor not available, rotate house ads for claims, data sales, sponsor market, lead unlocks, partner applications.', '["task_001_scope_lock"]'::jsonb, '["hc_adgrid_house_ad_templates", "hc_build.adgrid_surface_taxonomy"]'::jsonb, '["all_adgrid_surfaces"]'::jsonb, '["No empty monetizable slot", "House ad conversions tracked", "Winners get more allocation"]'::jsonb, 'Turns dead inventory into growth/revenue.', true, 'open'),
  ('task_009_creative_patterns', 'creative_pattern_library', 'phase_1', 94, 'intelligence', 'Build creative pattern library/scorer', 'Tag and score creative angles, CTAs, proof types, formats, market/role fit, and next actions.', '["task_002_event_policy"]'::jsonb, '["hc_adgrid_ab_tests", "hc_adgrid_campaign", "hc_build.codex_feature_specs"]'::jsonb, '["admin_growth_console"]'::jsonb, '["Winning angles queryable", "Next action generated", "Can clone by market"]'::jsonb, 'Scales winners across 120 countries.', true, 'open'),
  ('task_010_ai_campaign_builder', 'ai_campaign_builder', 'phase_1', 93, 'self_serve', 'Build self-serve AI campaign builder contract/UI', 'Sponsor enters service/budget/goal/market; system recommends package, creative variants, surfaces, and proof plan.', '["task_006_quality_score", "task_009_creative_patterns"]'::jsonb, '["advertiser_accounts", "adgrid campaign tables"]'::jsonb, '["advertiser_dashboard"]'::jsonb, '["Plain-language input works", "Review before launch", "Recommended package includes call/ASK/directory/clip options"]'::jsonb, 'Unlocks long-tail sponsors.', true, 'open'),
  ('task_011_market_price_floors', 'data_product_self_serve_portal', 'phase_1', 92, 'pricing', 'Build market price floor recommendations', 'Use demand/supply/call/sponsor competition to recommend floor price increases and scarce inventory packaging.', '["task_002_event_policy"]'::jsonb, '["hc_build.data_product_blueprints", "adgrid inventory"]'::jsonb, '["admin_pricing"]'::jsonb, '["Hot markets flagged", "Recommendation has reason/confidence", "Admin can accept/defer"]'::jsonb, 'Prevents underpricing.', true, 'open'),
  ('task_012_direct_offers', 'direct_offers', 'phase_1', 91, 'product_build', 'Build Direct Offers', 'Create offer object/rules for sponsor discounts, claim upgrades, market sponsorship, equipment/install/permit offers.', '["task_005_hc_ask_sponsored"]'::jsonb, '["offer model", "adgrid campaigns"]'::jsonb, '["hc_ask", "directory", "clips", "newsletter"]'::jsonb, '["Offer renders with terms/expiration", "Offer claim tracked", "Offer can target market/category"]'::jsonb, 'Adds purchase/lead actions inside intent surfaces.', true, 'open'),
  ('task_013_clip_ledger', 'breakout_clip_asset_ledger', 'phase_1', 90, 'media_data', 'Build breakout clip asset ledger', 'Make each clip taggable by topic/role/country/corridor/sponsor category and track views/CTA/revenue assists.', '["task_002_event_policy"]'::jsonb, '["hc_operator_videos", "hc_video_*", "hc_build.media_factory_blueprints"]'::jsonb, '["clips", "video_pages", "sponsor_dashboard"]'::jsonb, '["Clip has metadata ledger", "CTA tracked", "Clip can be sponsorable"]'::jsonb, 'Turns content into inventory and data.', true, 'open'),
  ('task_014_media_factory', 'media_factory_rendering_stack', 'phase_2', 88, 'media_factory', 'Build HyperFrames/Remotion template registry', 'Create renderer abstraction, template registry, render job metadata, and AdGrid asset references.', '["task_013_clip_ledger"]'::jsonb, '["media registry/storage"]'::jsonb, '["media_factory", "adgrid"]'::jsonb, '["Asset has engine/template/version", "AdGrid references asset", "Proof packet can include render"]'::jsonb, 'Cheap scaled creative production.', true, 'open'),
  ('task_015_community_proof', 'community_proof_stack', 'phase_2', 87, 'community_trust', 'Build community proof stack', 'Extract safe proof candidates from reviews/Q&A/threads/clips and render under sponsor ads with moderation gate.', '["task_006_quality_score"]'::jsonb, '["threads/reviews/community tables"]'::jsonb, '["threads", "directory", "hc_ask"]'::jsonb, '["Proof has source/type/date", "Unsafe proof suppressed", "Proof lift tracked"]'::jsonb, 'Beats Reddit inside niche context.', true, 'open'),
  ('task_016_weekly_retro', 'weekly_adgrid_retro', 'phase_2', 86, 'intelligence', 'Build weekly AdGrid retro', 'Generate ranked weekly report: winners, weak spots, prices to raise, sponsors to pitch, clips/data products to create.', '["task_009_creative_patterns", "task_011_market_price_floors"]'::jsonb, '["adgrid performance views", "data product views"]'::jsonb, '["admin_growth_console"]'::jsonb, '["Report generated", "Actions ranked", "Actions convertible to tasks"]'::jsonb, 'Creates operating cadence for aggressive growth.', true, 'open'),
  ('task_017_category_cells', 'category_location_engine', 'phase_1', 85, 'market_grid', 'Build category-location monetization cells', 'Score every category/location/corridor cell for SEO, sponsor, call, supply gap, and data readiness.', '["task_004_data_portal_catalog"]'::jsonb, '["country/city/market/category tables"]'::jsonb, '["admin", "directory", "data_portal"]'::jsonb, '["Cells have readiness scores", "Eligible packages generated", "Coverage honest"]'::jsonb, 'Owns Yellow Pages 100X model.', true, 'open'),
  ('task_018_competitor_map', 'competitor_displacement_map', 'phase_2', 84, 'growth_intelligence', 'Build competitor displacement console', 'Track competitor families, gaps, moats, signals, and HC countermove products.', '[]'::jsonb, '["hc_build.competitor_displacement_targets"]'::jsonb, '["admin_growth_console", "sales"]'::jsonb, '["Competitor gaps visible", "Countermoves generated", "Sales pitch angle created"]'::jsonb, 'Build moats and win budget.', true, 'open'),
  ('task_019_retargeting_recovery', 'retargeting_recovery_audiences', 'phase_2', 83, 'retargeting', 'Build retargeting recovery audiences', 'Create eligible audience definitions for abandoned claims, sponsor checkout, data previews, lead unlocks, clip watchers.', '["task_002_event_policy"]'::jsonb, '["consent/events/audience exports"]'::jsonb, '["retargeting", "landing_pages"]'::jsonb, '["Consent gate enforced", "Suppression after conversion", "CTA returns to HC"]'::jsonb, 'Recover leakage without external ad network drift.', true, 'open'),
  ('task_020_partner_feed', 'partner_program_adgrid_feed', 'phase_2', 82, 'partners', 'Connect partner program into AdGrid supply', 'Map verified partners to eligible sponsor categories, quality score, proof badges, and data coverage.', '["task_017_category_cells"]'::jsonb, '["partner/provider/sponsor tables"]'::jsonb, '["partner_marketplace", "adgrid"]'::jsonb, '["Verified partners eligible", "Partner badges affect quality", "Coverage feeds data products"]'::jsonb, 'Turns partners into monetizable supply.', true, 'open')
on conflict (task_key) do update set feature_key=excluded.feature_key, sprint=excluded.sprint, priority=excluded.priority, task_type=excluded.task_type, task_title=excluded.task_title, action_summary=excluded.action_summary, depends_on=excluded.depends_on, db_objects=excluded.db_objects, app_surfaces=excluded.app_surfaces, acceptance_tests=excluded.acceptance_tests, monetization_impact=excluded.monetization_impact, ready_for_codex=excluded.ready_for_codex, status=excluded.status;


create or replace view hc_build.v_codex_priority_queue as
select
  t.priority,
  t.status,
  t.ready_for_codex,
  t.sprint,
  t.task_type,
  t.task_key,
  t.task_title,
  t.action_summary,
  f.feature_name,
  f.product_area,
  p.program_name,
  t.depends_on,
  t.db_objects,
  t.app_surfaces,
  t.acceptance_tests,
  t.monetization_impact
from hc_build.codex_build_tasks t
left join hc_build.codex_feature_specs f on f.feature_key = t.feature_key
left join hc_build.codex_programs p on p.program_key = f.program_key
where t.ready_for_codex = true
order by t.priority desc, t.task_key;
comment on view hc_build.v_codex_priority_queue is 'Codex should start here: ordered build queue for AdGrid/data monetization upgrades.';

create or replace view hc_build.v_adgrid_data_monetization_bridge as
select
  e.event_family,
  e.event_key,
  e.event_name,
  e.privacy_level,
  e.revenue_use,
  e.data_product_use,
  e.aggregation_rule,
  e.minimum_k_anonymity,
  e.required_fields,
  e.prohibited_fields
from hc_build.adgrid_event_policy e
order by e.event_family, e.event_key;
comment on view hc_build.v_adgrid_data_monetization_bridge is 'Event policy view showing how AdGrid events feed revenue and data products.';

create or replace view hc_build.v_missing_money_priority as
select
  priority,
  product_area,
  opportunity_key,
  opportunity_name,
  revenue_lever,
  current_gap,
  aggressive_move,
  required_signals,
  expected_outputs,
  codex_directive
from hc_build.missing_money_radar
order by priority desc, opportunity_key;
comment on view hc_build.v_missing_money_priority is 'Aggressive revenue opportunities ranked for Codex/product execution.';

create or replace view hc_build.v_adgrid_launch_command_center as
select
  p.priority as program_priority,
  p.program_key,
  p.program_name,
  p.product_area,
  p.status as program_status,
  p.launch_phase,
  count(f.feature_key) as feature_count,
  count(t.task_key) filter (where t.status = 'open') as open_task_count,
  max(t.priority) as top_task_priority,
  p.acceptance_summary
from hc_build.codex_programs p
left join hc_build.codex_feature_specs f on f.program_key = p.program_key
left join hc_build.codex_build_tasks t on t.feature_key = f.feature_key
where p.product_area in ('adgrid','data_monetization','search_ai','media_factory','community_data','growth_intelligence','directory_adgrid_data','retargeting')
group by p.priority, p.program_key, p.program_name, p.product_area, p.status, p.launch_phase, p.acceptance_summary
order by p.priority desc;
comment on view hc_build.v_adgrid_launch_command_center is 'Program-level progress map for AdGrid + data monetization + media/community/growth intelligence.';

create or replace view hc_build.v_data_product_launch_catalog as
select
  priority,
  launch_phase,
  data_product_key,
  product_name,
  product_family,
  buyer_personas,
  input_signals,
  output_formats,
  pricing_model,
  privacy_gate,
  self_serve_requirements,
  codex_directive
from hc_build.data_product_blueprints
order by priority desc, data_product_key;
comment on view hc_build.v_data_product_launch_catalog is 'Self-serve data product catalog blueprint ordered by launch priority.';

create or replace function hc_build.get_next_codex_tasks(limit_count integer default 20)
returns table (
  priority integer,
  task_key text,
  task_title text,
  product_area text,
  action_summary text,
  acceptance_tests jsonb,
  monetization_impact text
)
language sql
stable
as $$
  select
    q.priority,
    q.task_key,
    q.task_title,
    q.product_area,
    q.action_summary,
    q.acceptance_tests,
    q.monetization_impact
  from hc_build.v_codex_priority_queue q
  where q.status = 'open'
  order by q.priority desc, q.task_key
  limit greatest(limit_count, 1);
$$;
comment on function hc_build.get_next_codex_tasks(integer) is 'Convenience function for Codex: select * from hc_build.get_next_codex_tasks(20);';

commit;
